Number,Catalyst,Doping wt%,Support (Promoter),NH3 conversion (%),GHSV (mL g-1 h-1),Pressure (bar),Pressure (atm),Temperature (C),Temperature (K),NH3 in (mol g-1 h-1),NH3 conversion,NH3 out (mol g-1 h-1),Reaction rate (mol H2 g-1 h-1)
1,Ni,10,Al2O3,0.7271,6000,1.01325,1,356.916,630.066,0.267864,0.007271,0.265916361,0.002921459
,Ni,10,Al2O3,2.6903,6000,1.01325,1,386.293,659.443,0.267864,0.026903,0.260657655,0.010809518
,Ni,10,Al2O3,5.1022,6000,1.01325,1,411.383,684.533,0.267864,0.051022,0.254197043,0.020500436
,Ni,10,Al2O3,9.2275,6000,1.01325,1,435.174,708.324,0.267864,0.092275,0.243146849,0.037075726
,Ni,10,Al2O3,14.9461,6000,1.01325,1,458.934,732.084,0.267864,0.149461,0.227828779,0.060052832
,Ni,10,Al2O3,23.8426,6000,1.01325,1,483.238,756.388,0.267864,0.238426,0.203998258,0.095798613
,Ni,10,Al2O3,28.4358,6000,1.01325,1,492.769,765.919,0.267864,0.284358,0.191694729,0.114253907
,Ni,10,Al2O3,35.5941,6000,1.01325,1,503.458,776.608,0.267864,0.355941,0.17252022,0.14301567
,Ni,10,Al2O3,54.3537,6000,1.01325,1,532.205,805.355,0.267864,0.543537,0.122270005,0.218390992
,Ni,10,Al2O3,70.3672,6000,1.01325,1,552.305,825.455,0.267864,0.703672,0.079375603,0.282732595
,Ni,10,Al2O3,84.5815,6000,1.01325,1,574.352,847.502,0.267864,0.845815,0.041300611,0.339845084
,Ni,10,Al2O3,92.1601,6000,1.01325,1,588.617,861.767,0.267864,0.921601,0.02100027,0.370295595
,Ni,10,Al2O3,97.2141,6000,1.01325,1,599.856,873.006,0.267864,0.972141,0.007462423,0.390602365
,Ni,10,Al2O3,99.8214,6000,1.01325,1,614.121,887.271,0.267864,0.998214,0.000478405,0.401078392
2,Ni,10,La2O3,0.5076,6000,1.01325,1,353.458,626.608,0.267864,0.005076,0.266504322,0.002039516
,Ni,10,La2O3,3.2024,6000,1.01325,1,383.718,656.868,0.267864,0.032024,0.259285923,0.012867115
,Ni,10,La2O3,5.8887,6000,1.01325,1,405.115,678.265,0.267864,0.058887,0.252090293,0.023660561
,Ni,10,La2O3,10.3823,6000,1.01325,1,432.997,706.147,0.267864,0.103823,0.240053556,0.041715666
,Ni,10,La2O3,15.6616,6000,1.01325,1,453.746,726.896,0.267864,0.156616,0.225912212,0.062927682
,Ni,10,La2O3,23.2383,6000,1.01325,1,477.234,750.384,0.267864,0.232383,0.20561696,0.09337056
,Ni,10,La2O3,34.0795,6000,1.01325,1,501.729,774.879,0.267864,0.340795,0.176577288,0.136930068
,Ni,10,La2O3,47.8474,6000,1.01325,1,525.719,798.869,0.267864,0.478474,0.13969804,0.192248939
,Ni,10,La2O3,56.8101,6000,1.01325,1,539.337,812.487,0.267864,0.568101,0.115690194,0.228260709
,Ni,10,La2O3,63.3468,6000,1.01325,1,549.411,822.561,0.267864,0.633468,0.098180728,0.254524909
,Ni,10,La2O3,78.9826,6000,1.01325,1,573.239,846.389,0.267864,0.789826,0.056298048,0.317348927
,Ni,10,La2O3,91.1679,6000,1.01325,1,595.977,869.127,0.267864,0.911679,0.023658016,0.366308975
,Ni,10,La2O3,97.0849,6000,1.01325,1,620.564,893.714,0.267864,0.970849,0.007808503,0.390083245
,Ni,10,La2O3,99.393,6000,1.01325,1,642.179,915.329,0.267864,0.99393,0.001625934,0.399357098
3,Ni,10,SiO2,2.6801,6000,1.01325,1,387.085,660.235,0.267864,0.026801,0.260684977,0.010768535
,Ni,10,SiO2,4.9286,6000,1.01325,1,406.127,679.277,0.267864,0.049286,0.254662055,0.019802918
,Ni,10,SiO2,8.293,6000,1.01325,1,432.997,706.147,0.267864,0.08293,0.245650038,0.033320942
,Ni,10,SiO2,13.2094,6000,1.01325,1,454.504,727.654,0.267864,0.132094,0.232480773,0.053074841
,Ni,10,SiO2,23.3284,6000,1.01325,1,484.87,758.02,0.267864,0.233284,0.205375615,0.093732578
,Ni,10,SiO2,23.3284,6000,1.01325,1,484.87,758.02,0.267864,0.233284,0.205375615,0.093732578
,Ni,10,SiO2,31.5551,6000,1.01325,1,503.567,776.717,0.267864,0.315551,0.183339247,0.12678713
,Ni,10,SiO2,46.7878,6000,1.01325,1,531.124,804.274,0.267864,0.467878,0.142536327,0.187991509
,Ni,10,SiO2,59.736,6000,1.01325,1,552.287,825.437,0.267864,0.59736,0.107852761,0.240016859
,Ni,10,SiO2,68.3843,6000,1.01325,1,566.526,839.676,0.267864,0.683843,0.084687079,0.274765382
,Ni,10,SiO2,78.5228,6000,1.01325,1,584.367,857.517,0.267864,0.785228,0.057529687,0.315501469
,Ni,10,SiO2,85.9073,6000,1.01325,1,600.334,873.484,0.267864,0.859073,0.03774927,0.345172095
,Ni,10,SiO2,93.313,6000,1.01325,1,622.794,895.944,0.267864,0.93313,0.017912066,0.374927901
,Ni,10,SiO2,97.5049,6000,1.01325,1,641.149,914.299,0.267864,0.975049,0.006683475,0.391770788
4,Ni,10,MgO,1.739,6000,1.01325,1,388.199,661.349,0.267864,0.01739,0.263205845,0.006987232
,Ni,10,MgO,5.2318,6000,1.01325,1,433.404,706.554,0.267864,0.052318,0.253849891,0.021021163
,Ni,10,MgO,8.1572,6000,1.01325,1,454.917,728.067,0.267864,0.081572,0.246013798,0.032775303
,Ni,10,MgO,15.8109,6000,1.01325,1,484.872,758.022,0.267864,0.158109,0.225512291,0.063527564
,Ni,10,MgO,22.7279,6000,1.01325,1,503.934,777.084,0.267864,0.227279,0.206984138,0.091319793
,Ni,10,MgO,34.1906,6000,1.01325,1,530.349,803.499,0.267864,0.341906,0.176279691,0.137376463
,Ni,10,MgO,46.0119,6000,1.01325,1,552.134,825.284,0.267864,0.460119,0.144614684,0.184873974
,Ni,10,MgO,51.1091,6000,1.01325,1,560.35,833.5,0.267864,0.511091,0.13096112,0.205354319
,Ni,10,MgO,61.6459,6000,1.01325,1,576.132,849.282,0.267864,0.616459,0.102736826,0.24769076
,Ni,10,MgO,70.4651,6000,1.01325,1,589.685,862.835,0.267864,0.704651,0.079113365,0.283125953
,Ni,10,MgO,76.1036,6000,1.01325,1,600.062,873.212,0.267864,0.761036,0.064009853,0.305781221
,Ni,10,MgO,83.9252,6000,1.01325,1,615.856,889.006,0.267864,0.839252,0.043058602,0.337208097
,Ni,10,MgO,92.6582,6000,1.01325,1,635.463,908.613,0.267864,0.926582,0.019666039,0.372296941
,Ni,10,MgO,97.0278,6000,1.01325,1,648.534,921.684,0.267864,0.970278,0.007961454,0.389853819
5,Ni,10,CeO2,3.2118,6000,1.01325,1,409.44,682.59,0.267864,0.032118,0.259260744,0.012904884
,Ni,10,CeO2,4.5038,6000,1.01325,1,431.497,704.647,0.267864,0.045038,0.255799941,0.018096088
,Ni,10,CeO2,8.5219,6000,1.01325,1,456.551,729.701,0.267864,0.085219,0.245036898,0.034240653
,Ni,10,CeO2,12.0811,6000,1.01325,1,476.43,749.58,0.267864,0.120811,0.235503082,0.048541377
,Ni,10,CeO2,13.9046,6000,1.01325,1,484.872,758.022,0.267864,0.139046,0.230618582,0.055868127
,Ni,10,CeO2,20.1873,6000,1.01325,1,505.023,778.173,0.267864,0.201873,0.213789491,0.081111764
,Ni,10,CeO2,26.1911,6000,1.01325,1,518.367,791.517,0.267864,0.261911,0.197707472,0.105234792
,Ni,10,CeO2,32.3756,6000,1.01325,1,530.893,804.043,0.267864,0.323756,0.181141423,0.130083866
,Ni,10,CeO2,45.287,6000,1.01325,1,553.496,826.646,0.267864,0.45287,0.14655643,0.181961355
,Ni,10,CeO2,53.6509,6000,1.01325,1,566.839,839.989,0.267864,0.536509,0.124152553,0.21556717
,Ni,10,CeO2,60.7419,6000,1.01325,1,578.004,851.154,0.267864,0.607419,0.105158317,0.244058525
,Ni,10,CeO2,74.3069,6000,1.01325,1,600.664,873.814,0.267864,0.743069,0.068822565,0.298562152
,Ni,10,CeO2,83.2056,6000,1.01325,1,622.664,895.814,0.267864,0.832056,0.044986152,0.334316773
,Ni,10,CeO2,90.4927,6000,1.01325,1,649.079,922.229,0.267864,0.904927,0.025466634,0.363596049
6,Ni,10,TiO2,2.3454,6000,1.01325,1,405.219,678.369,0.267864,0.023454,0.261581518,0.009423723
,Ni,10,TiO2,4.1534,6000,1.01325,1,432.546,705.696,0.267864,0.041534,0.256738537,0.016688195
,Ni,10,TiO2,6.5219,6000,1.01325,1,453.419,726.569,0.267864,0.065219,0.250394178,0.026204733
,Ni,10,TiO2,11.5203,6000,1.01325,1,481.952,755.102,0.267864,0.115203,0.237005264,0.046288105
,Ni,10,TiO2,16.7804,6000,1.01325,1,502.028,775.178,0.267864,0.167804,0.222915349,0.067422976
,Ni,10,TiO2,23.2248,6000,1.01325,1,522.781,795.931,0.267864,0.232248,0.205653122,0.093316317
,Ni,10,TiO2,30.4457,6000,1.01325,1,539.249,812.399,0.267864,0.304457,0.18631093,0.122329605
,Ni,10,TiO2,36.2061,6000,1.01325,1,549.683,822.833,0.267864,0.362061,0.170880892,0.145474662
,Ni,10,TiO2,46.2543,6000,1.01325,1,566.354,839.504,0.267864,0.462543,0.143965382,0.185847927
,Ni,10,TiO2,57.593,6000,1.01325,1,583.509,856.659,0.267864,0.57593,0.113593086,0.23140637
,Ni,10,TiO2,65.7262,6000,1.01325,1,597.233,870.383,0.267864,0.657262,0.091807172,0.264085243
,Ni,10,TiO2,72.3732,6000,1.01325,1,611.643,884.793,0.267864,0.723732,0.074002252,0.290792623
,Ni,10,TiO2,76.8444,6000,1.01325,1,622.965,896.115,0.267864,0.768444,0.062025516,0.308757725
,Ni,10,TiO2,83.8418,6000,1.01325,1,644.924,918.074,0.267864,0.838418,0.043282001,0.336872999
7,Ni,10,ZrO2,0.8183,6000,1.01325,1,413.332,686.482,0.267864,0.008183,0.265672069,0.003287897
,Ni,10,ZrO2,1.1819,6000,1.01325,1,434.604,707.754,0.267864,0.011819,0.264698115,0.004748827
,Ni,10,ZrO2,2.0048,6000,1.01325,1,457.935,731.085,0.267864,0.020048,0.262493863,0.008055206
,Ni,10,ZrO2,2.9432,6000,1.01325,1,482.295,755.445,0.267864,0.029432,0.259980227,0.01182566
,Ni,10,ZrO2,4.4523,6000,1.01325,1,505.626,778.776,0.267864,0.044523,0.255937891,0.017889163
,Ni,10,ZrO2,5.8389,6000,1.01325,1,520.379,793.529,0.267864,0.058389,0.252223689,0.023460467
,Ni,10,ZrO2,7.9153,6000,1.01325,1,538.906,812.056,0.267864,0.079153,0.246661761,0.031803359
,Ni,10,ZrO2,10.3308,6000,1.01325,1,553.316,826.466,0.267864,0.103308,0.240191506,0.041508741
,Ni,10,ZrO2,13.4358,6000,1.01325,1,571.157,844.307,0.267864,0.134358,0.231874329,0.053984507
,Ni,10,ZrO2,16.9973,6000,1.01325,1,587.969,861.119,0.267864,0.169973,0.222334352,0.068294472
,Ni,10,ZrO2,20.6689,6000,1.01325,1,600.321,873.471,0.267864,0.206689,0.212499458,0.083046813
,Ni,10,ZrO2,25.8335,6000,1.01325,1,619.191,892.341,0.267864,0.258335,0.198665354,0.10379797
,Ni,10,ZrO2,30.8824,6000,1.01325,1,636.689,909.839,0.267864,0.308824,0.185141168,0.124084248
,Ni,10,ZrO2,34.7811,6000,1.01325,1,647.325,920.475,0.267864,0.347811,0.174697954,0.139749069
8,Ni,5,ZSM-5 (IM),0.9255,30000,1.01325,1,401.237,674.387,1.33932,0.009255,1.326924593,0.01859311
,Ni,5,ZSM-5 (IM),3.4355,30000,1.01325,1,449.487,722.637,1.33932,0.034355,1.293307661,0.069018508
,Ni,5,ZSM-5 (IM),9.3407,30000,1.01325,1,500.635,773.785,1.33932,0.093407,1.214218137,0.187652795
,Ni,5,ZSM-5 (IM),14.6582,30000,1.01325,1,525.515,798.665,1.33932,0.146582,1.142999796,0.294480306
,Ni,5,ZSM-5 (IM),16.8053,30000,1.01325,1,538.667,811.817,1.33932,0.168053,1.114243256,0.337615116
,Ni,5,ZSM-5 (IM),18.3991,30000,1.01325,1,550.858,824.008,1.33932,0.183991,1.092897174,0.369634239
,Ni,5,ZSM-5 (IM),21.5711,30000,1.01325,1,563.78,836.93,1.33932,0.215711,1.050413943,0.433359085
,Ni,5,ZSM-5 (IM),24.504,30000,1.01325,1,574.791,847.941,1.33932,0.24504,1.011133027,0.492280459
,Ni,5,ZSM-5 (IM),28.3871,30000,1.01325,1,588.675,861.825,1.33932,0.283871,0.959125892,0.570291162
,Ni,5,ZSM-5 (IM),31.4784,30000,1.01325,1,600.164,873.314,1.33932,0.314784,0.917723493,0.63239476
,Ni,5,ZSM-5 (IM),36.3076,30000,1.01325,1,613.819,886.969,1.33932,0.363076,0.853045052,0.729412422
,Ni,5,ZSM-5 (IM),40.2666,30000,1.01325,1,625.555,898.705,1.33932,0.402666,0.800021373,0.808947941
,Ni,5,ZSM-5 (IM),45.1728,30000,1.01325,1,637.778,910.928,1.33932,0.451728,0.734311655,0.907512517
,Ni,5,ZSM-5 (IM),49.6031,30000,1.01325,1,648.086,921.236,1.33932,0.496031,0.674975761,0.996516358
9,Ni,5,ZSM-5 (DP),0.2715,30000,1.01325,1,325.787,598.937,1.33932,0.002715,1.335683746,0.005454381
,Ni,5,ZSM-5 (DP),0.2896,30000,1.01325,1,350.834,623.984,1.33932,0.002896,1.335441329,0.005818006
,Ni,5,ZSM-5 (DP),1.8139,30000,1.01325,1,375.815,648.965,1.33932,0.018139,1.315026075,0.036440888
,Ni,5,ZSM-5 (DP),3.6362,30000,1.01325,1,400.799,673.949,1.33932,0.036362,1.290619646,0.073050531
,Ni,5,ZSM-5 (DP),7.6433,30000,1.01325,1,424.901,698.051,1.33932,0.076433,1.236951754,0.153552368
,Ni,5,ZSM-5 (DP),11.9489,30000,1.01325,1,449.307,722.457,1.33932,0.119489,1.179285993,0.240051011
,Ni,5,ZSM-5 (DP),17.448,30000,1.01325,1,474.627,747.777,1.33932,0.17448,1.105635446,0.35052683
,Ni,5,ZSM-5 (DP),26.822,30000,1.01325,1,499.683,772.833,1.33932,0.26822,0.98008759,0.538848616
,Ni,5,ZSM-5 (DP),33.3157,30000,1.01325,1,525.613,798.763,1.33932,0.333157,0.893116167,0.66930575
,Ni,5,ZSM-5 (DP),43.6825,30000,1.01325,1,550.077,823.227,1.33932,0.436825,0.754271541,0.877572689
,Ni,5,ZSM-5 (DP),53.6514,30000,1.01325,1,574.236,847.386,1.33932,0.536514,0.62075607,1.077845896
,Ni,5,ZSM-5 (DP),64.4185,30000,1.01325,1,600.81,873.96,1.33932,0.644185,0.476550146,1.294154781
,Ni,5,ZSM-5 (DP),70.8112,30000,1.01325,1,625.536,898.686,1.33932,0.708112,0.390931436,1.422582846
,Ni,5,ZSM-5 (DP),81.5568,30000,1.01325,1,649.918,923.068,1.33932,0.815568,0.247013466,1.638459801
10,Ni,5,ZSM-5 (SSIE),0.6664,30000,1.01325,1,326.268,599.418,1.33932,0.006664,1.330394772,0.013387843
,Ni,5,ZSM-5 (SSIE),1.8801,30000,1.01325,1,348.961,622.111,1.33932,0.018801,1.314139445,0.037770833
,Ni,5,ZSM-5 (SSIE),3.4143,30000,1.01325,1,375.476,648.626,1.33932,0.034143,1.293591597,0.068592604
,Ni,5,ZSM-5 (SSIE),6.6801,30000,1.01325,1,399.382,672.532,1.33932,0.066801,1.249852085,0.134201873
,Ni,5,ZSM-5 (SSIE),12.3933,30000,1.01325,1,425.221,698.371,1.33932,0.123933,1.173334054,0.248978918
,Ni,5,ZSM-5 (SSIE),18.8153,30000,1.01325,1,450.35,723.5,1.33932,0.188153,1.087322924,0.377995614
,Ni,5,ZSM-5 (SSIE),26.501,30000,1.01325,1,476.924,750.074,1.33932,0.26501,0.984386807,0.53239979
,Ni,5,ZSM-5 (SSIE),35.8391,30000,1.01325,1,500.649,773.799,1.33932,0.358391,0.859319766,0.720000351
,Ni,5,ZSM-5 (SSIE),41.0619,30000,1.01325,1,513.855,787.005,1.33932,0.410619,0.789369761,0.824925359
,Ni,5,ZSM-5 (SSIE),46.7567,30000,1.01325,1,526.06,799.21,1.33932,0.467567,0.713098166,0.939332752
,Ni,5,ZSM-5 (SSIE),58.1901,30000,1.01325,1,550.516,823.666,1.33932,0.581901,0.559968353,1.169027471
,Ni,5,ZSM-5 (SSIE),78.1729,30000,1.01325,1,600.807,873.957,1.33932,0.781729,0.292334716,1.570477926
,Ni,5,ZSM-5 (SSIE),87.9007,30000,1.01325,1,625.532,898.682,1.33932,0.879007,0.162048345,1.765907483
,Ni,5,ZSM-5 (SSIE),93.3243,30000,1.01325,1,649.651,922.801,1.33932,0.933243,0.089408985,1.874866522
11,Ni,5,ZSM-5(MSSIE),0.7451,30000,1.01325,1,324.357,597.507,1.33932,0.007451,1.329340727,0.01496891
,Ni,5,ZSM-5(MSSIE),1.6563,30000,1.01325,1,350.136,623.286,1.33932,0.016563,1.317136843,0.033274736
,Ni,5,ZSM-5(MSSIE),3.0667,30000,1.01325,1,374.784,647.934,1.33932,0.030667,1.298247074,0.06160939
,Ni,5,ZSM-5(MSSIE),7.357,30000,1.01325,1,399.838,672.988,1.33932,0.07357,1.240786228,0.147800659
,Ni,5,ZSM-5(MSSIE),10.8977,30000,1.01325,1,426.021,699.171,1.33932,0.108977,1.193364924,0.218932613
,Ni,5,ZSM-5(MSSIE),18.9427,30000,1.01325,1,450.353,723.503,1.33932,0.189427,1.08561663,0.380555054
,Ni,5,ZSM-5(MSSIE),28.2396,30000,1.01325,1,474.697,747.847,1.33932,0.282396,0.961101389,0.567327916
,Ni,5,ZSM-5(MSSIE),42.2943,30000,1.01325,1,499.465,772.615,1.33932,0.422943,0.772863981,0.849684028
,Ni,5,ZSM-5(MSSIE),55.8498,30000,1.01325,1,525.366,798.516,1.33932,0.558498,0.591312459,1.122011312
,Ni,5,ZSM-5(MSSIE),65.8994,30000,1.01325,1,550.853,824.003,1.33932,0.658994,0.456716156,1.323905766
,Ni,5,ZSM-5(MSSIE),78.5775,30000,1.01325,1,575.987,849.137,1.33932,0.785775,0.286915827,1.57860626
,Ni,5,ZSM-5(MSSIE),88.3757,30000,1.01325,1,600.715,873.865,1.33932,0.883757,0.155686575,1.775450138
,Ni,5,ZSM-5(MSSIE),95.3935,30000,1.01325,1,626.082,899.232,1.33932,0.953935,0.061695776,1.916436336
,Ni,5,ZSM-5(MSSIE),97.9469,30000,1.01325,1,648.07,921.22,1.33932,0.979469,0.027497579,1.967733632
12,Ni,15,SiO2,16.08,30000,1.01325,1,452.419,725.569,1.33932,0.1608,1.123957344,0.323043984
,Ni,15,SiO2,21.567,30000,1.01325,1,463.674,736.824,1.33932,0.21567,1.050468856,0.433276717
,Ni,15,SiO2,27.232,30000,1.01325,1,476.797,749.947,1.33932,0.27232,0.974596378,0.547085434
,Ni,15,SiO2,33.25,30000,1.01325,1,489.551,762.701,1.33932,0.3325,0.8939961,0.66798585
,Ni,15,SiO2,38.915,30000,1.01325,1,502.301,775.451,1.33932,0.38915,0.818123622,0.781794567
,Ni,15,SiO2,48.471,30000,1.01325,1,518.826,791.976,1.33932,0.48471,0.690138203,0.973772696
,Ni,15,SiO2,55.725,30000,1.01325,1,530.848,803.998,1.33932,0.55725,0.59298393,1.119504105
,Ni,15,SiO2,62.625,30000,1.01325,1,541.373,814.523,1.33932,0.62625,0.50057085,1.258123725
,Ni,15,SiO2,69.348,30000,1.01325,1,551.896,825.046,1.33932,0.69348,0.410528366,1.39318745
,Ni,15,SiO2,79.082,30000,1.01325,1,570.288,843.438,1.33932,0.79082,0.280158958,1.588741564
,Ni,15,SiO2,90.407,30000,1.01325,1,590.191,863.341,1.33932,0.90407,0.128480968,1.816258549
,Ni,15,SiO2,95.716,30000,1.01325,1,601.071,874.221,1.33932,0.95716,0.057376469,1.922915297
,Ni,15,SiO2,98.037,30000,1.01325,1,628.336,901.486,1.33932,0.98037,0.026290852,1.969543723
,Ni,15,SiO2,99.645,30000,1.01325,1,647.757,920.907,1.33932,0.99645,0.004754586,2.001848121
13,Ni,15,CeO2,7.277,30000,1.01325,1,452.012,725.162,1.33932,0.07277,1.241857684,0.146193475
,Ni,15,CeO2,6.847,30000,1.01325,1,469.401,742.551,1.33932,0.06847,1.24761676,0.137554861
,Ni,15,CeO2,6.864,30000,1.01325,1,488.676,761.826,1.33932,0.06864,1.247389075,0.137896387
,Ni,15,CeO2,7.543,30000,1.01325,1,501.612,774.762,1.33932,0.07543,1.238295092,0.151537361
,Ni,15,CeO2,12.677,30000,1.01325,1,517.419,790.569,1.33932,0.12677,1.169534404,0.254678395
,Ni,15,CeO2,19.374,30000,1.01325,1,539.119,812.269,1.33932,0.19374,1.079840143,0.389219785
,Ni,15,CeO2,22.835,30000,1.01325,1,551.381,824.531,1.33932,0.22835,1.033486278,0.458750583
,Ni,15,CeO2,30.304,30000,1.01325,1,564.863,838.013,1.33932,0.30304,0.933452467,0.608801299
,Ni,15,CeO2,44.907,30000,1.01325,1,590.413,863.563,1.33932,0.44907,0.737871568,0.902172649
,Ni,15,CeO2,50.926,30000,1.01325,1,599.648,872.798,1.33932,0.50926,0.657257897,1.023093155
,Ni,15,CeO2,59.063,30000,1.01325,1,613.137,886.287,1.33932,0.59063,0.548277428,1.186563857
,Ni,15,CeO2,70.318,30000,1.01325,1,628.777,901.927,1.33932,0.70318,0.397536962,1.412674556
,Ni,15,CeO2,78.007,30000,1.01325,1,640.146,913.296,1.33932,0.78007,0.294556648,1.567145029
,Ni,15,CeO2,84.694,30000,1.01325,1,649.388,922.538,1.33932,0.84694,0.204996319,1.701485521
14,Ni,15,MgO,3.801,30000,1.01325,1,452.281,725.431,1.33932,0.03801,1.288412447,0.07636133
,Ni,15,MgO,5.51,30000,1.01325,1,467.976,741.126,1.33932,0.0551,1.265523468,0.110694798
,Ni,15,MgO,7.974,30000,1.01325,1,485.868,759.018,1.33932,0.07974,1.232522623,0.160196065
,Ni,15,MgO,10.469,30000,1.01325,1,501.05,774.2,1.33932,0.10469,1.199106589,0.210320116
,Ni,15,MgO,14.793,30000,1.01325,1,518.383,791.533,1.33932,0.14793,1.141194392,0.297188411
,Ni,15,MgO,21.379,30000,1.01325,1,541.022,814.172,1.33932,0.21379,1.052986777,0.429499834
,Ni,15,MgO,24.472,30000,1.01325,1,551.766,824.916,1.33932,0.24472,1.01156161,0.491637586
,Ni,15,MgO,30.861,30000,1.01325,1,565.104,838.254,1.33932,0.30861,0.925992455,0.619991318
,Ni,15,MgO,44.573,30000,1.01325,1,589.939,863.089,1.33932,0.44573,0.742344896,0.895462655
,Ni,15,MgO,49.514,30000,1.01325,1,599.995,873.145,1.33932,0.49514,0.676169095,0.994726357
,Ni,15,MgO,60.292,30000,1.01325,1,619.027,892.177,1.33932,0.60292,0.531817186,1.211254222
,Ni,15,MgO,67.871,30000,1.01325,1,631.1,904.25,1.33932,0.67871,0.430310123,1.363514816
,Ni,15,MgO,73.444,30000,1.01325,1,640.095,913.245,1.33932,0.73444,0.355669819,1.475475271
,Ni,15,MgO,78.906,30000,1.01325,1,649.088,922.238,1.33932,0.78906,0.282516161,1.585205759
15,Ni,15,Al2O3,7.611,30000,1.01325,1,452.956,726.106,1.33932,0.07611,1.237384355,0.152903468
,Ni,15,Al2O3,12.411,30000,1.01325,1,468.053,741.203,1.33932,0.12411,1.173096995,0.249334508
,Ni,15,Al2O3,19.107,30000,1.01325,1,488.578,761.728,1.33932,0.19107,1.083416128,0.383855809
,Ni,15,Al2O3,23.237,30000,1.01325,1,501.788,774.938,1.33932,0.23237,1.028102212,0.466826683
,Ni,15,Al2O3,29.926,30000,1.01325,1,514.791,787.941,1.33932,0.29926,0.938515097,0.601207355
,Ni,15,Al2O3,45.643,30000,1.01325,1,541.294,814.444,1.33932,0.45643,0.728014172,0.916958741
,Ni,15,Al2O3,50.771,30000,1.01325,1,550.989,824.139,1.33932,0.50771,0.659333843,1.019979236
,Ni,15,Al2O3,58.127,30000,1.01325,1,561.884,835.034,1.33932,0.58127,0.560813464,1.167759805
,Ni,15,Al2O3,67.935,30000,1.01325,1,577.507,850.657,1.33932,0.67935,0.429452958,1.364800563
,Ni,15,Al2O3,76.071,30000,1.01325,1,590.292,863.442,1.33932,0.76071,0.320485883,1.528251176
,Ni,15,Al2O3,82.648,30000,1.01325,1,601.413,874.563,1.33932,0.82648,0.232398806,1.66038179
,Ni,15,Al2O3,88.784,30000,1.01325,1,618.171,891.321,1.33932,0.88784,0.150218131,1.783652803
,Ni,15,Al2O3,95.815,30000,1.01325,1,639.17,912.32,1.33932,0.95815,0.056050542,1.924904187
,Ni,15,Al2O3,99.385,30000,1.01325,1,649.553,922.703,1.33932,0.99385,0.008236818,1.996624773
16,Ni,1,SiO2,4.383,30000,1.01325,1,452.012,725.162,1.33932,0.04383,1.280617604,0.088053593
,Ni,1,SiO2,6.938,30000,1.01325,1,468.228,741.378,1.33932,0.06938,1.246397978,0.139383032
,Ni,1,SiO2,9.266,30000,1.01325,1,487.417,760.567,1.33932,0.09266,1.215218609,0.186152087
,Ni,1,SiO2,11.158,30000,1.01325,1,500.983,774.133,1.33932,0.11158,1.189878674,0.224161988
,Ni,1,SiO2,16.871,30000,1.01325,1,518.541,791.691,1.33932,0.16871,1.113363323,0.338935016
,Ni,1,SiO2,24.316,30000,1.01325,1,538.095,811.245,1.33932,0.24316,1.013650949,0.488503577
,Ni,1,SiO2,29.041,30000,1.01325,1,551.349,824.499,1.33932,0.29041,0.950368079,0.583427882
,Ni,1,SiO2,38.789,30000,1.01325,1,570.587,843.737,1.33932,0.38789,0.819811165,0.779263252
,Ni,1,SiO2,49.232,30000,1.01325,1,590.491,863.641,1.33932,0.49232,0.679945978,0.989061034
,Ni,1,SiO2,54.719,30000,1.01325,1,600.444,873.594,1.33932,0.54719,0.606457489,1.099293766
,Ni,1,SiO2,62.076,30000,1.01325,1,614.708,887.858,1.33932,0.62076,0.507923717,1.247094425
,Ni,1,SiO2,68.082,30000,1.01325,1,625.326,898.476,1.33932,0.68082,0.427484158,1.367753764
,Ni,1,SiO2,74.413,30000,1.01325,1,637.599,910.749,1.33932,0.74413,0.342691808,1.494942287
,Ni,1,SiO2,80.236,30000,1.01325,1,648.547,921.697,1.33932,0.80236,0.264703205,1.611925193
17,Ni,5,SiO2,7.215,30000,1.01325,1,451.701,724.851,1.33932,0.07215,1.242688062,0.144947907
,Ni,5,SiO2,12.32,30000,1.01325,1,466.905,740.055,1.33932,0.1232,1.174315776,0.247506336
,Ni,5,SiO2,18.46,30000,1.01325,1,485.688,758.838,1.33932,0.1846,1.092081528,0.370857708
,Ni,5,SiO2,23.872,30000,1.01325,1,501.398,774.548,1.33932,0.23872,1.01959753,0.479583706
,Ni,5,SiO2,32.605,30000,1.01325,1,518.269,791.419,1.33932,0.32605,0.902634714,0.655027929
,Ni,5,SiO2,42.508,30000,1.01325,1,538.326,811.476,1.33932,0.42508,0.770001854,0.853977218
,Ni,5,SiO2,50.069,30000,1.01325,1,551.157,824.307,1.33932,0.50069,0.668735869,1.005876196
,Ni,5,SiO2,58.545,30000,1.01325,1,564.256,837.406,1.33932,0.58545,0.555215106,1.176157341
,Ni,5,SiO2,66.132,30000,1.01325,1,576.384,849.534,1.33932,0.66132,0.453600898,1.328578654
,Ni,5,SiO2,71.105,30000,1.01325,1,585.164,858.314,1.33932,0.71105,0.386996514,1.428485229
,Ni,5,SiO2,81.571,30000,1.01325,1,600.622,873.772,1.33932,0.81571,0.246823283,1.638745076
,Ni,5,SiO2,85.765,30000,1.01325,1,613.583,886.733,1.33932,0.85765,0.190652202,1.723001697
,Ni,5,SiO2,90.569,30000,1.01325,1,632.357,905.507,1.33932,0.90569,0.126311269,1.819513096
,Ni,5,SiO2,95.2,30000,1.01325,1,648.215,921.365,1.33932,0.952,0.06428736,1.91254896
18,Ni,10,SiO2,11.667,30000,1.01325,1,452.739,725.889,1.33932,0.11667,1.183061536,0.234387697
,Ni,10,SiO2,18.072,30000,1.01325,1,469.025,742.175,1.33932,0.18072,1.09727809,0.363062866
,Ni,10,SiO2,24.212,30000,1.01325,1,487.809,760.959,1.33932,0.24212,1.015043842,0.486414238
,Ni,10,SiO2,29.121,30000,1.01325,1,500.336,773.486,1.33932,0.29121,0.949296623,0.585035066
,Ni,10,SiO2,41.473,30000,1.01325,1,520.41,793.56,1.33932,0.41473,0.783863816,0.833184275
,Ni,10,SiO2,53.379,30000,1.01325,1,540.481,813.631,1.33932,0.53379,0.624404377,1.072373434
,Ni,10,SiO2,59.895,30000,1.01325,1,550.104,823.254,1.33932,0.59895,0.537134286,1.203278571
,Ni,10,SiO2,67.886,30000,1.01325,1,564.734,837.884,1.33932,0.67886,0.430109225,1.363816163
,Ni,10,SiO2,75.467,30000,1.01325,1,577.279,850.429,1.33932,0.75467,0.328575376,1.516116937
,Ni,10,SiO2,82.817,30000,1.01325,1,590.239,863.389,1.33932,0.82817,0.230135356,1.663776967
,Ni,10,SiO2,89.09,30000,1.01325,1,601.11,874.26,1.33932,0.8909,0.146119812,1.789800282
,Ni,10,SiO2,91.28,30000,1.01325,1,616.535,889.685,1.33932,0.9128,0.116788704,1.833796944
,Ni,10,SiO2,94.117,30000,1.01325,1,633.214,906.364,1.33932,0.94117,0.078792196,1.890791707
,Ni,10,SiO2,95.868,30000,1.01325,1,648.22,921.37,1.33932,0.95868,0.055340702,1.925968946
19,Ni,20,SiO2,15.458,30000,1.01325,1,452.348,725.498,1.33932,0.15458,1.132287914,0.310548128
,Ni,20,SiO2,22.544,30000,1.01325,1,467.806,740.956,1.33932,0.22544,1.037383699,0.452904451
,Ni,20,SiO2,30.437,30000,1.01325,1,488.266,761.416,1.33932,0.30437,0.931671172,0.611473243
,Ni,20,SiO2,35.785,30000,1.01325,1,501.213,774.363,1.33932,0.35785,0.860044338,0.718913493
,Ni,20,SiO2,42.072,30000,1.01325,1,511.251,784.401,1.33932,0.42072,0.77584129,0.845218066
,Ni,20,SiO2,49.249,30000,1.01325,1,521.294,794.444,1.33932,0.49249,0.679718293,0.98940256
,Ni,20,SiO2,62.957,30000,1.01325,1,540.128,813.278,1.33932,0.62957,0.496124308,1.264793539
,Ni,20,SiO2,70.12,30000,1.01325,1,551.004,824.154,1.33932,0.7012,0.400188816,1.408696776
,Ni,20,SiO2,75.273,30000,1.01325,1,562.284,835.434,1.33932,0.75273,0.331173656,1.512219515
,Ni,20,SiO2,83.271,30000,1.01325,1,576.498,849.648,1.33932,0.83271,0.224054843,1.672897736
,Ni,20,SiO2,89.502,30000,1.01325,1,589.867,863.017,1.33932,0.89502,0.140601814,1.79807728
,Ni,20,SiO2,94.648,30000,1.01325,1,601.563,874.713,1.33932,0.94648,0.071680406,1.90145939
,Ni,20,SiO2,95.995,30000,1.01325,1,627.395,900.545,1.33932,0.95995,0.053639766,1.928520351
,Ni,20,SiO2,96.529,30000,1.01325,1,648.64,921.79,1.33932,0.96529,0.046487797,1.939248304
20,Ni,5,MWCNTs,6.3189,6000,1.01325,1,401.119,674.269,0.267864,0.063189,0.250937942,0.025389087
,Ni,5,MWCNTs,8.5855,6000,1.01325,1,408.724,681.874,0.267864,0.085855,0.244866536,0.034496196
,Ni,5,MWCNTs,10.9709,6000,1.01325,1,417.498,690.648,0.267864,0.109709,0.238476908,0.044080637
,Ni,5,MWCNTs,13.2377,6000,1.01325,1,424.908,698.058,0.267864,0.132377,0.232404967,0.053188549
,Ni,5,MWCNTs,17.5354,6000,1.01325,1,435.642,708.792,0.267864,0.175354,0.220892976,0.070456536
,Ni,5,MWCNTs,20.9982,6000,1.01325,1,443.257,716.407,0.267864,0.209982,0.211617382,0.084369928
,Ni,5,MWCNTs,24.2224,6000,1.01325,1,450.091,723.241,0.267864,0.242224,0.20298091,0.097324634
,Ni,5,MWCNTs,29.3585,6000,1.01325,1,459.47,732.62,0.267864,0.293585,0.189223148,0.117961279
,Ni,5,MWCNTs,34.8539,6000,1.01325,1,468.267,741.417,0.267864,0.348539,0.174502949,0.140041576
,Ni,5,MWCNTs,39.0345,6000,1.01325,1,475.693,748.843,0.267864,0.390345,0.163304627,0.15683906
,Ni,5,MWCNTs,45.965,6000,1.01325,1,484.891,758.041,0.267864,0.45965,0.144740312,0.184685531
,Ni,5,MWCNTs,49.6695,6000,1.01325,1,489.394,762.544,0.267864,0.496695,0.134817291,0.199570064
,Ni,5,MWCNTs,52.8955,6000,1.01325,1,494.089,767.239,0.267864,0.528955,0.126175998,0.212532003
,Ni,5,MWCNTs,57.9138,6000,1.01325,1,501.132,774.282,0.267864,0.579138,0.112733779,0.232695332
21,Ni,5,AC-1,2.1326,6000,1.01325,1,400.698,673.848,0.267864,0.021326,0.262151532,0.008568701
,Ni,5,AC-1,3.2022,6000,1.01325,1,409.461,682.611,0.267864,0.032022,0.259286459,0.012866312
,Ni,5,AC-1,4.392,6000,1.01325,1,417.447,690.597,0.267864,0.04392,0.256099413,0.01764688
,Ni,5,AC-1,5.1033,6000,1.01325,1,425.429,698.579,0.267864,0.051033,0.254194096,0.020504855
,Ni,5,AC-1,6.4126,6000,1.01325,1,433.61,706.76,0.267864,0.064126,0.250686953,0.02576557
,Ni,5,AC-1,7.8393,6000,1.01325,1,444.516,717.666,0.267864,0.078393,0.246865337,0.031497994
,Ni,5,AC-1,8.9112,6000,1.01325,1,450.361,723.511,0.267864,0.089112,0.243994103,0.035804845
,Ni,5,AC-1,10.5801,6000,1.01325,1,457.573,730.723,0.267864,0.105801,0.239523721,0.042510419
,Ni,5,AC-1,13.2031,6000,1.01325,1,468.293,741.443,0.267864,0.132031,0.232497648,0.053049528
,Ni,5,AC-1,14.872,6000,1.01325,1,475.505,748.655,0.267864,0.14872,0.228027266,0.059755101
,Ni,5,AC-1,18.6926,6000,1.01325,1,484.484,757.634,0.267864,0.186926,0.217793254,0.075106119
,Ni,5,AC-1,20.961,6000,1.01325,1,489.949,763.099,0.267864,0.20961,0.211717027,0.08422046
,Ni,5,AC-1,22.3928,6000,1.01325,1,494.435,767.585,0.267864,0.223928,0.20788175,0.089973375
,Ni,5,AC-1,24.7805,6000,1.01325,1,500.29,773.44,0.267864,0.247805,0.201485961,0.099567058
22,Ni,5,AC-2,0.6971,6000,1.01325,1,400.881,674.031,0.267864,0.006971,0.26599672,0.00280092
,Ni,5,AC-2,1.0474,6000,1.01325,1,411.584,684.734,0.267864,0.010474,0.265058392,0.004208411
,Ni,5,AC-2,1.4,6000,1.01325,1,419.369,692.519,0.267864,0.014,0.264113904,0.005625144
,Ni,5,AC-2,1.6344,6000,1.01325,1,425.402,698.552,0.267864,0.016344,0.263486031,0.006566954
,Ni,5,AC-2,1.7466,6000,1.01325,1,434.741,707.891,0.267864,0.017466,0.263185487,0.007017769
,Ni,5,AC-2,2.3373,6000,1.01325,1,444.084,717.234,0.267864,0.023373,0.261603215,0.009391178
,Ni,5,AC-2,3.0498,6000,1.01325,1,450.51,723.66,0.267864,0.030498,0.259694684,0.012253974
,Ni,5,AC-2,3.1618,6000,1.01325,1,460.044,733.194,0.267864,0.031618,0.259394676,0.012703986
,Ni,5,AC-2,3.7537,6000,1.01325,1,467.831,740.981,0.267864,0.037537,0.257809189,0.015082216
,Ni,5,AC-2,3.9868,6000,1.01325,1,475.615,748.765,0.267864,0.039868,0.257184798,0.016018803
,Ni,5,AC-2,4.6995,6000,1.01325,1,481.846,754.996,0.267864,0.046995,0.255275731,0.018882403
,Ni,5,AC-2,5.2924,6000,1.01325,1,488.271,761.421,0.267864,0.052924,0.253687566,0.021264652
,Ni,5,AC-2,5.7652,6000,1.01325,1,495.473,768.623,0.267864,0.057652,0.252421105,0.023164343
,Ni,5,AC-2,6.4793,6000,1.01325,1,499.953,773.103,0.267864,0.064793,0.250508288,0.026033568
23,Ni,20,SMR,8.006,6000,1.01325,1,198.537,471.687,0.267864,0.08006,0.246418808,0.032167788
,Ni,20,SMR,13.9,6000,1.01325,1,302.278,575.428,0.267864,0.139,0.230630904,0.055849644
,Ni,20,SMR,18.34,6000,1.01325,1,357.08,630.23,0.267864,0.1834,0.218737742,0.073689386
,Ni,20,SMR,21.679,6000,1.01325,1,399.103,672.253,0.267864,0.21679,0.209793763,0.087105355
,Ni,20,SMR,33.243,6000,1.01325,1,420.235,693.385,0.267864,0.33243,0.17881797,0.133569044
,Ni,20,SMR,48.908,6000,1.01325,1,450.589,723.739,0.267864,0.48908,0.136857075,0.196510388
,Ni,20,SMR,67.158,6000,1.01325,1,484.858,758.008,0.267864,0.67158,0.087971895,0.269838158
,Ni,20,SMR,74.524,6000,1.01325,1,499.77,772.92,0.267864,0.74524,0.068241033,0.299434451
,Ni,20,SMR,79.801,6000,1.01325,1,524.198,797.348,0.267864,0.79801,0.054105849,0.320637226
,Ni,20,SMR,86.894,6000,1.01325,1,554.389,827.539,0.267864,0.86894,0.035106256,0.349136616
,Ni,20,SMR,93.774,6000,1.01325,1,583.97,857.12,0.267864,0.93774,0.016677213,0.376780181
,Ni,20,SMR,96.999,6000,1.01325,1,595.712,868.862,0.267864,0.96999,0.008038599,0.389738102
,Ni,20,SMR,98.295,6000,1.01325,1,651.671,924.821,0.267864,0.98295,0.004567081,0.394945378
,Ni,20,SMR,99.177,6000,1.01325,1,697.372,970.522,0.267864,0.99177,0.002204521,0.398489219
24,Ni,15,SMR,6.687,6000,1.01325,1,199.721,472.871,0.267864,0.06687,0.249951934,0.026868099
,Ni,15,SMR,8.532,6000,1.01325,1,251.56,524.71,0.267864,0.08532,0.245009844,0.034281235
,Ni,15,SMR,11.466,6000,1.01325,1,304.322,577.472,0.267864,0.11466,0.237150714,0.046069929
,Ni,15,SMR,14.196,6000,1.01325,1,329.942,603.092,0.267864,0.14196,0.229838027,0.05703896
,Ni,15,SMR,19.634,6000,1.01325,1,374.897,648.047,0.267864,0.19634,0.215271582,0.078888627
,Ni,15,SMR,23.241,6000,1.01325,1,401.299,674.449,0.267864,0.23241,0.205609728,0.093381408
,Ni,15,SMR,38.218,6000,1.01325,1,430.225,703.375,0.267864,0.38218,0.165491736,0.153558395
,Ni,15,SMR,58.792,6000,1.01325,1,467.495,740.645,0.267864,0.58792,0.110381397,0.236223904
,Ni,15,SMR,63.002,6000,1.01325,1,475.052,748.202,0.267864,0.63002,0.099104323,0.253139516
,Ni,15,SMR,78.801,6000,1.01325,1,503.734,776.884,0.267864,0.78801,0.056784489,0.316619266
,Ni,15,SMR,84.682,6000,1.01325,1,537.379,810.529,0.267864,0.84682,0.041031408,0.340248889
,Ni,15,SMR,90.882,6000,1.01325,1,570.055,843.205,0.267864,0.90882,0.02442384,0.365160241
,Ni,15,SMR,97.367,6000,1.01325,1,605.816,878.966,0.267864,0.97367,0.007052859,0.391216711
,Ni,15,SMR,98.559,6000,1.01325,1,664.48,937.63,0.267864,0.98559,0.00385992,0.39600612
25,Ni,10,SMR,6.09,6000,1.01325,1,197.577,470.727,0.267864,0.0609,0.251551082,0.024469376
,Ni,10,SMR,12.857,6000,1.01325,1,305.544,578.694,0.267864,0.12857,0.233424726,0.051658912
,Ni,10,SMR,12.407,6000,1.01325,1,356.454,629.604,0.267864,0.12407,0.234630114,0.04985083
,Ni,10,SMR,11.757,6000,1.01325,1,402.177,675.327,0.267864,0.11757,0.23637123,0.047239156
,Ni,10,SMR,17.091,6000,1.01325,1,447.958,721.108,0.267864,0.17091,0.222083364,0.068670954
,Ni,10,SMR,22.53,6000,1.01325,1,501.556,774.706,0.267864,0.2253,0.207514241,0.090524639
,Ni,10,SMR,34.689,6000,1.01325,1,528.468,801.618,0.267864,0.34689,0.174944657,0.139379014
,Ni,10,SMR,56.992,6000,1.01325,1,579.701,852.851,0.267864,0.56992,0.115202949,0.228991576
,Ni,10,SMR,66.062,6000,1.01325,1,600.133,873.283,0.267864,0.66062,0.090907684,0.265434474
,Ni,10,SMR,73.847,6000,1.01325,1,640.693,913.843,0.267864,0.73847,0.070054472,0.296714292
,Ni,10,SMR,79.818,6000,1.01325,1,677.288,950.438,0.267864,0.79818,0.054060312,0.320705531
,Ni,10,SMR,85.308,6000,1.01325,1,709.614,982.764,0.267864,0.85308,0.039354579,0.342764132
,Ni,10,SMR,90.049,6000,1.01325,1,752.918,1026.068,0.267864,0.90049,0.026655147,0.36181328
,Ni,10,SMR,93.671,6000,1.01325,1,789.513,1062.663,0.267864,0.93671,0.016953113,0.376366331
26,Ni,10,0.7Ir,2.467,9500,1.01325,1,301.93,575.08,0.424118,0.02467,0.413655009,0.015694487
,Ni,10,0.7Ir,5.376,9500,1.01325,1,314.117,587.267,0.424118,0.05376,0.401317416,0.034200876
,Ni,10,0.7Ir,9.817,9500,1.01325,1,332.719,605.869,0.424118,0.09817,0.382482336,0.062453496
,Ni,10,0.7Ir,12.268,9500,1.01325,1,342.554,615.704,0.424118,0.12268,0.372087204,0.078046194
,Ni,10,0.7Ir,14.723,9500,1.01325,1,350.253,623.403,0.424118,0.14723,0.361675107,0.09366434
,Ni,10,0.7Ir,22.571,9500,1.01325,1,363.949,637.099,0.424118,0.22571,0.328390326,0.143591511
,Ni,10,0.7Ir,29.497,9500,1.01325,1,375.72,648.87,0.424118,0.29497,0.299015914,0.18765313
,Ni,10,0.7Ir,36.114,9500,1.01325,1,387.062,660.212,0.424118,0.36114,0.270952025,0.229748962
,Ni,10,0.7Ir,43.811,9500,1.01325,1,399.476,672.626,0.424118,0.43811,0.238307663,0.278715505
,Ni,10,0.7Ir,48.732,9500,1.01325,1,409.318,682.468,0.424118,0.48732,0.217436816,0.310021776
,Ni,10,0.7Ir,54.423,9500,1.01325,1,420.872,694.022,0.424118,0.54423,0.193300261,0.346226609
,Ni,10,0.7Ir,58.885,9500,1.01325,1,428.79,701.94,0.424118,0.58885,0.174376116,0.374612826
,Ni,10,0.7Ir,64.732,9500,1.01325,1,439.703,712.853,0.424118,0.64732,0.149577936,0.411810096
,Ni,10,0.7Ir,69.039,9500,1.01325,1,448.048,721.198,0.424118,0.69039,0.131311174,0.439210239
