Number,Catalyst,Doping wt%,Support(Promoter),Initial composition(H2/N2),GHSV(mL g-1 h-1),Pressure(MPa),Pressure(atm), Temperature(c) , Temperature(K) , Reaction rate(mmol g-1 h-1) , Reaction rate(kmol kg-1 s-1) , Reaction rate(mol g-1 h-1) ,N2 in(mol g-1 h-1),N2 conversion,N2 out(mol g-1 h-1)
1,Ru,10,BaO-CaH2,3,36000,0.1,0.9869,150.186,423.336,0.0579,1.61E-08,0.0000579 ,0.4013066 ,0.0000721 ,0.4012777 
,Ru,10,BaO-CaH2,3,36000,0.1,0.9869,180.507,453.657,0.2501,6.95E-08,0.0002501 ,0.4013066 ,0.0003116 ,0.4011816 
,Ru,10,BaO-CaH2,3,36000,0.1,0.9869,199.681,472.831,0.3952,1.10E-07,0.0003952 ,0.4013066 ,0.0004924 ,0.4011090 
,Ru,10,BaO-CaH2,3,36000,0.1,0.9869,220.638,493.788,0.8396,2.33E-07,0.0008396 ,0.4013066 ,0.0010461 ,0.4008868 
,Ru,10,BaO-CaH2,3,36000,0.1,0.9869,239.811,512.961,1.7592,4.89E-07,0.0017592 ,0.4013066 ,0.0021918 ,0.4004270 
,Ru,10,BaO-CaH2,3,36000,0.1,0.9869,270.133,543.283,4.025,1.12E-06,0.0040250 ,0.4013066 ,0.0050149 ,0.3992941 
,Ru,10,BaO-CaH2,3,36000,0.1,0.9869,280.388,553.538,4.8219,1.34E-06,0.0048219 ,0.4013066 ,0.0060078 ,0.3988957 
,Ru,10,BaO-CaH2,3,36000,0.1,0.9869,300.008,573.158,6.7407,1.87E-06,0.0067407 ,0.4013066 ,0.0083984 ,0.3979363 
,Ru,10,BaO-CaH2,3,36000,0.1,0.9869,320.519,593.669,8.7592,2.43E-06,0.0087592 ,0.4013066 ,0.0109134 ,0.3969270 
,Ru,10,BaO-CaH2,3,36000,0.1,0.9869,341.031,614.181,10.5778,2.94E-06,0.0105778 ,0.4013066 ,0.0131792 ,0.3960177 
2,Ru,10,CaH2,3,36000,0.1,0.9869,150.201,423.351,0.0001,0,0.0000001 ,0.4013066 ,0.0000001 ,0.4013066 
,Ru,10,CaH2,3,36000,0.1,0.9869,174.814,447.964,0.0001,0,0.0000001 ,0.4013066 ,0.0000001 ,0.4013066 
,Ru,10,CaH2,3,36000,0.1,0.9869,199.786,472.936,0.0782,2.17E-08,0.0000782 ,0.4013066 ,0.0000974 ,0.4012675 
,Ru,10,CaH2,3,36000,0.1,0.9869,225.12,498.27,0.2404,6.68E-08,0.0002404 ,0.4013066 ,0.0002995 ,0.4011864 
,Ru,10,CaH2,3,36000,0.1,0.9869,249.725,522.875,0.6656,1.85E-07,0.0006656 ,0.4013066 ,0.0008293 ,0.4009738 
,Ru,10,CaH2,3,36000,0.1,0.9869,275.408,548.558,1.4953,4.15E-07,0.0014953 ,0.4013066 ,0.0018630 ,0.4005590 
,Ru,10,CaH2,3,36000,0.1,0.9869,299.265,572.415,3.1744,8.82E-07,0.0031744 ,0.4013066 ,0.0039551 ,0.3997194 
,Ru,10,CaH2,3,36000,0.1,0.9869,312.636,585.786,4.287,1.19E-06,0.0042870 ,0.4013066 ,0.0053413 ,0.3991631 
,Ru,10,CaH2,3,36000,0.1,0.9869,324.198,597.348,5.3793,1.49E-06,0.0053793 ,0.4013066 ,0.0067022 ,0.3986170 
,Ru,10,CaH2,3,36000,0.1,0.9869,339.36,612.51,7.4425,2.07E-06,0.0074425 ,0.4013066 ,0.0092728 ,0.3975854 
3,Ru,10,Ca2N-e-,3,36000,0.1,0.9869,199.423,472.573,0.1591,4.42E-08,0.0001591 ,0.4013066 ,0.0001982 ,0.4012271 
,Ru,10,Ca2N-e-,3,36000,0.1,0.9869,250.09,523.24,0.5038,1.40E-07,0.0005038 ,0.4013066 ,0.0006277 ,0.4010547 
,Ru,10,Ca2N-e-,3,36000,0.1,0.9869,266.738,539.888,0.6255,1.74E-07,0.0006255 ,0.4013066 ,0.0007793 ,0.4009939 
,Ru,10,Ca2N-e-,3,36000,0.1,0.9869,279.759,552.909,1.1111,3.09E-07,0.0011111 ,0.4013066 ,0.0013844 ,0.4007511 
,Ru,10,Ca2N-e-,3,36000,0.1,0.9869,291.335,564.485,1.4753,4.10E-07,0.0014753 ,0.4013066 ,0.0018381 ,0.4005690 
,Ru,10,Ca2N-e-,3,36000,0.1,0.9869,300.376,573.526,1.8598,5.17E-07,0.0018598 ,0.4013066 ,0.0023172 ,0.4003767 
,Ru,10,Ca2N-e-,3,36000,0.1,0.9869,312.311,585.461,2.3454,6.52E-07,0.0023454 ,0.4013066 ,0.0029222 ,0.4001339 
,Ru,10,Ca2N-e-,3,36000,0.1,0.9869,319.542,592.692,2.8107,7.81E-07,0.0028107 ,0.4013066 ,0.0035019 ,0.3999013 
,Ru,10,Ca2N-e-,3,36000,0.1,0.9869,331.841,604.991,3.1952,8.88E-07,0.0031952 ,0.4013066 ,0.0039810 ,0.3997090 
,Ru,10,Ca2N-e-,3,36000,0.1,0.9869,339.798,612.948,3.5189,9.78E-07,0.0035189 ,0.4013066 ,0.0043843 ,0.3995472 
4,Ru,10,Ba-Ca(NH2)2,3,36000,0.1,0.9869,200.14,473.29,0.5029,1.40E-07,0.0005029 ,0.4013066 ,0.0006266 ,0.4010552 
,Ru,10,Ba-Ca(NH2)2,3,36000,0.1,0.9869,219.31,492.46,1.2111,3.36E-07,0.0012111 ,0.4013066 ,0.0015089 ,0.4007011 
,Ru,10,Ba-Ca(NH2)2,3,36000,0.1,0.9869,239.195,512.345,2.425,6.74E-07,0.0024250 ,0.4013066 ,0.0030214 ,0.4000941 
,Ru,10,Ba-Ca(NH2)2,3,36000,0.1,0.9869,259.794,532.944,4.1242,1.15E-06,0.0041242 ,0.4013066 ,0.0051385 ,0.3992445 
,Ru,10,Ba-Ca(NH2)2,3,36000,0.1,0.9869,279.656,552.806,6.4504,1.79E-06,0.0064504 ,0.4013066 ,0.0080367 ,0.3980814 
,Ru,10,Ba-Ca(NH2)2,3,36000,0.1,0.9869,289.767,562.917,7.7248,2.15E-06,0.0077248 ,0.4013066 ,0.0096246 ,0.3974442 
,Ru,10,Ba-Ca(NH2)2,3,36000,0.1,0.9869,299.154,572.304,8.9587,2.49E-06,0.0089587 ,0.4013066 ,0.0111619 ,0.3968273 
,Ru,10,Ba-Ca(NH2)2,3,36000,0.1,0.9869,308.54,581.69,10.2532,2.85E-06,0.0102532 ,0.4013066 ,0.0127748 ,0.3961800 
,Ru,10,Ba-Ca(NH2)2,3,36000,0.1,0.9869,319.372,592.522,11.6287,3.23E-06,0.0116287 ,0.4013066 ,0.0144885 ,0.3954923 
,Ru,10,Ba-Ca(NH2)2,3,36000,0.1,0.9869,339.629,612.779,12.3167,3.42E-06,0.0123167 ,0.4013066 ,0.0153457 ,0.3951483 
5,Ru,4.5,BaCeO3-xNyHz,3,36000,0.9,8.8821,240.382,513.532,1.014,2.82E-07,0.0010140 ,0.4013066 ,0.0012634 ,0.4007996 
,Ru,4.5,BaCeO3-xNyHz,3,36000,0.9,8.8821,260.136,533.286,1.8022,5.01E-07,0.0018022 ,0.4013066 ,0.0022454 ,0.4004055 
,Ru,4.5,BaCeO3-xNyHz,3,36000,0.9,8.8821,279.594,552.744,3.2078,8.91E-07,0.0032078 ,0.4013066 ,0.0039967 ,0.3997027 
,Ru,4.5,BaCeO3-xNyHz,3,36000,0.9,8.8821,299.077,572.227,5.0984,1.42E-06,0.0050984 ,0.4013066 ,0.0063523 ,0.3987574 
,Ru,4.5,BaCeO3-xNyHz,3,36000,0.9,8.8821,320.263,593.413,8.1348,2.26E-06,0.0081348 ,0.4013066 ,0.0101354 ,0.3972392 
,Ru,4.5,BaCeO3-xNyHz,3,36000,0.9,8.8821,339.839,612.989,11.7891,3.27E-06,0.0117891 ,0.4013066 ,0.0146884 ,0.3954121 
,Ru,4.5,BaCeO3-xNyHz,3,36000,0.9,8.8821,360.112,633.262,16.1926,4.50E-06,0.0161926 ,0.4013066 ,0.0201748 ,0.3932103 
,Ru,4.5,BaCeO3-xNyHz,3,36000,0.9,8.8821,370.755,643.905,18.6589,0.000005183,0.0186589 ,0.4013066 ,0.0232477 ,0.3919772 
,Ru,4.5,BaCeO3-xNyHz,3,36000,0.9,8.8821,380.408,653.558,21.0371,5.84E-06,0.0210371 ,0.4013066 ,0.0262108 ,0.3907881 
,Ru,4.5,BaCeO3-xNyHz,3,36000,0.9,8.8821,399.944,673.094,23.9418,6.65E-06,0.0239418 ,0.4013066 ,0.0298298 ,0.3893357 
6,Ru,4.3,BaCeO3,3,36000,0.9,8.8821,240.333,513.483,0.0881,2.45E-08,0.0000881 ,0.4013066 ,0.0001098 ,0.4012626 
,Ru,4.3,BaCeO3,3,36000,0.9,8.8821,260.048,533.198,0.1268,3.52E-08,0.0001268 ,0.4013066 ,0.0001580 ,0.4012432 
,Ru,4.3,BaCeO3,3,36000,0.9,8.8821,280.095,553.245,0.2535,7.04E-08,0.0002535 ,0.4013066 ,0.0003158 ,0.4011799 
,Ru,4.3,BaCeO3,3,36000,0.9,8.8821,300.157,573.307,0.6448,1.79E-07,0.0006448 ,0.4013066 ,0.0008034 ,0.4009842 
,Ru,4.3,BaCeO3,3,36000,0.9,8.8821,319.899,593.049,1.2125,3.37E-07,0.0012125 ,0.4013066 ,0.0015107 ,0.4007004 
,Ru,4.3,BaCeO3,3,36000,0.9,8.8821,339.994,613.144,2.2211,0.000000617,0.0022211 ,0.4013066 ,0.0027673 ,0.4001961 
,Ru,4.3,BaCeO3,3,36000,0.9,8.8821,360.111,633.261,3.6706,1.02E-06,0.0036706 ,0.4013066 ,0.0045733 ,0.3994713 
,Ru,4.3,BaCeO3,3,36000,0.9,8.8821,379.613,652.763,5.9139,1.64E-06,0.0059139 ,0.4013066 ,0.0073683 ,0.3983497 
,Ru,4.3,BaCeO3,3,36000,0.9,8.8821,391.526,664.676,7.542,0.000002095,0.0075420 ,0.4013066 ,0.0093968 ,0.3975356 
,Ru,4.3,BaCeO3,3,36000,0.9,8.8821,400.13,673.28,8.7301,0.000002425,0.0087301 ,0.4013066 ,0.0108771 ,0.3969416 
7,Ru,5,CeO2,3,36000,0.9,8.8821,279.776,552.926,0.43,1.19E-07,0.0004300 ,0.4013066 ,0.0005358 ,0.4010916 
,Ru,5,CeO2,3,36000,0.9,8.8821,298.845,571.995,0.6893,1.92E-07,0.0006893 ,0.4013066 ,0.0008588 ,0.4009620 
,Ru,5,CeO2,3,36000,0.9,8.8821,319.254,592.404,1.4332,3.98E-07,0.0014332 ,0.4013066 ,0.0017857 ,0.4005900 
,Ru,5,CeO2,3,36000,0.9,8.8821,339.015,612.165,2.3537,6.54E-07,0.0023537 ,0.4013066 ,0.0029325 ,0.4001298 
,Ru,5,CeO2,3,36000,0.9,8.8821,350.555,623.705,3.1441,8.73E-07,0.0031441 ,0.4013066 ,0.0039173 ,0.3997346 
,Ru,5,CeO2,3,36000,0.9,8.8821,359.144,632.294,4.0236,1.12E-06,0.0040236 ,0.4013066 ,0.0050131 ,0.3992948 
,Ru,5,CeO2,3,36000,0.9,8.8821,369.051,642.201,4.9909,1.39E-06,0.0049909 ,0.4013066 ,0.0062183 ,0.3988112 
,Ru,5,CeO2,3,36000,0.9,8.8821,378.972,652.122,6.2227,1.73E-06,0.0062227 ,0.4013066 ,0.0077531 ,0.3981953 
,Ru,5,CeO2,3,36000,0.9,8.8821,388.891,662.041,7.4105,2.06E-06,0.0074105 ,0.4013066 ,0.0092330 ,0.3976014 
,Ru,5,CeO2,3,36000,0.9,8.8821,400.151,673.301,9.1269,2.54E-06,0.0091269 ,0.4013066 ,0.0113715 ,0.3967432 
8,Ru,1.5,ZrH2,3,60000,1,9.869,247.474,520.624,0.1044,0.000000029,0.0001044 ,0.6688443 ,0.0000780 ,0.6687921 
,Ru,1.5,ZrH2,3,60000,1,9.869,275.838,548.988,0.1044,0.000000029,0.0001044 ,0.6688443 ,0.0000780 ,0.6687921 
,Ru,1.5,ZrH2,3,60000,1,9.869,294.814,567.964,0.2616,7.27E-08,0.0002616 ,0.6688443 ,0.0001956 ,0.6687135 
,Ru,1.5,ZrH2,3,60000,1,9.869,320.798,593.948,0.3839,1.07E-07,0.0003839 ,0.6688443 ,0.0002870 ,0.6686524 
,Ru,1.5,ZrH2,3,60000,1,9.869,347.144,620.294,1.0127,2.81E-07,0.0010127 ,0.6688443 ,0.0007571 ,0.6683380 
,Ru,1.5,ZrH2,3,60000,1,9.869,358.826,631.976,1.6066,4.46E-07,0.0016066 ,0.6688443 ,0.0012010 ,0.6680410 
,Ru,1.5,ZrH2,3,60000,1,9.869,372.935,646.085,2.6196,7.28E-07,0.0026196 ,0.6688443 ,0.0019583 ,0.6675345 
,Ru,1.5,ZrH2,3,60000,1,9.869,385.42,658.57,3.2833,0.000000912,0.0032833 ,0.6688443 ,0.0024545 ,0.6672027 
,Ru,1.5,ZrH2,3,60000,1,9.869,392.815,665.965,4.0519,1.13E-06,0.0040519 ,0.6688443 ,0.0030290 ,0.6668184 
,Ru,1.5,ZrH2,3,60000,1,9.869,399.903,673.053,4.9601,1.38E-06,0.0049601 ,0.6688443 ,0.0037080 ,0.6663643 
9,Ru,1.9,3LaN-ZrH2,3,60000,1,9.869,249.871,523.021,0.1488,4.13E-08,0.0001488 ,0.6688443 ,0.0001112 ,0.6687699 
,Ru,1.9,3LaN-ZrH2,3,60000,1,9.869,274.735,547.885,0.2985,8.29E-08,0.0002985 ,0.6688443 ,0.0002231 ,0.6686951 
,Ru,1.9,3LaN-ZrH2,3,60000,1,9.869,299.969,573.119,0.7407,2.06E-07,0.0007407 ,0.6688443 ,0.0005537 ,0.6684740 
,Ru,1.9,3LaN-ZrH2,3,60000,1,9.869,313.647,586.797,1.7826,4.95E-07,0.0017826 ,0.6688443 ,0.0013326 ,0.6679530 
,Ru,1.9,3LaN-ZrH2,3,60000,1,9.869,324.595,597.745,2.8872,0.000000802,0.0028872 ,0.6688443 ,0.0021584 ,0.6674007 
,Ru,1.9,3LaN-ZrH2,3,60000,1,9.869,338.041,611.191,4.3012,1.19E-06,0.0043012 ,0.6688443 ,0.0032154 ,0.6666937 
,Ru,1.9,3LaN-ZrH2,3,60000,1,9.869,350.144,623.294,5.6268,0.000001563,0.0056268 ,0.6688443 ,0.0042064 ,0.6660309 
,Ru,1.9,3LaN-ZrH2,3,60000,1,9.869,363.234,636.384,8.1028,2.25E-06,0.0081028 ,0.6688443 ,0.0060573 ,0.6647929 
,Ru,1.9,3LaN-ZrH2,3,60000,1,9.869,375.167,648.317,10.2691,2.85E-06,0.0102691 ,0.6688443 ,0.0076767 ,0.6637098 
,Ru,1.9,3LaN-ZrH2,3,60000,1,9.869,400.135,673.285,12.7876,3.55E-06,0.0127876 ,0.6688443 ,0.0095595 ,0.6624505 
10,Ru,1.6,6LaN-ZrH2,3,60000,1,9.869,249.922,523.072,0.001,3.00E-10,0.0000010 ,0.6688443 ,0.0000007 ,0.6688438 
,Ru,1.6,6LaN-ZrH2,3,60000,1,9.869,271.806,544.956,0.002,6.00E-10,0.0000020 ,0.6688443 ,0.0000015 ,0.6688433 
,Ru,1.6,6LaN-ZrH2,3,60000,1,9.869,302.846,575.996,0.7242,2.01E-07,0.0007242 ,0.6688443 ,0.0005414 ,0.6684822 
,Ru,1.6,6LaN-ZrH2,3,60000,1,9.869,327.006,600.156,2.0517,5.70E-07,0.0020517 ,0.6688443 ,0.0015338 ,0.6678185 
,Ru,1.6,6LaN-ZrH2,3,60000,1,9.869,340.576,613.726,3.2694,9.08E-07,0.0032694 ,0.6688443 ,0.0024441 ,0.6672096 
,Ru,1.6,6LaN-ZrH2,3,60000,1,9.869,350.699,623.849,4.2991,1.19E-06,0.0042991 ,0.6688443 ,0.0032138 ,0.6666948 
,Ru,1.6,6LaN-ZrH2,3,60000,1,9.869,363.628,636.778,5.0657,1.41E-06,0.0050657 ,0.6688443 ,0.0037869 ,0.6663115 
,Ru,1.6,6LaN-ZrH2,3,60000,1,9.869,375.237,648.387,5.6751,1.58E-06,0.0056751 ,0.6688443 ,0.0042425 ,0.6660068 
,Ru,1.6,6LaN-ZrH2,3,60000,1,9.869,388.757,661.907,6.3715,1.77E-06,0.0063715 ,0.6688443 ,0.0047631 ,0.6656586 
,Ru,1.6,6LaN-ZrH2,3,60000,1,9.869,399.479,672.629,7.1211,1.98E-06,0.0071211 ,0.6688443 ,0.0053234 ,0.6652838 
11,Ru,10,Ca(NH2)2,3,60000,0.1,0.9869,99.853,373.003,0.027,7.50E-09,0.0000270 ,0.6688443 ,0.0000202 ,0.6688308 
,Ru,10,Ca(NH2)2,3,60000,0.1,0.9869,149.438,422.588,0.0675,1.88E-08,0.0000675 ,0.6688443 ,0.0000505 ,0.6688106 
,Ru,10,Ca(NH2)2,3,60000,0.1,0.9869,199.761,472.911,0.2972,8.26E-08,0.0002972 ,0.6688443 ,0.0002222 ,0.6686957 
,Ru,10,Ca(NH2)2,3,60000,0.1,0.9869,239.716,512.866,1.0132,2.81E-07,0.0010132 ,0.6688443 ,0.0007574 ,0.6683377 
,Ru,10,Ca(NH2)2,3,60000,0.1,0.9869,249.832,522.982,1.5536,4.32E-07,0.0015536 ,0.6688443 ,0.0011614 ,0.6680675 
,Ru,10,Ca(NH2)2,3,60000,0.1,0.9869,259.23,532.38,2.1074,5.85E-07,0.0021074 ,0.6688443 ,0.0015754 ,0.6677906 
,Ru,10,Ca(NH2)2,3,60000,0.1,0.9869,280.587,553.737,3.634,1.01E-06,0.0036340 ,0.6688443 ,0.0027166 ,0.6670273 
,Ru,10,Ca(NH2)2,3,60000,0.1,0.9869,299.829,572.979,5.5658,1.55E-06,0.0055658 ,0.6688443 ,0.0041608 ,0.6660614 
,Ru,10,Ca(NH2)2,3,60000,0.1,0.9869,320.61,593.76,8.4703,2.35E-06,0.0084703 ,0.6688443 ,0.0063320 ,0.6646092 
,Ru,10,Ca(NH2)2,3,60000,0.1,0.9869,340.795,613.945,9.1053,2.53E-06,0.0091053 ,0.6688443 ,0.0068067 ,0.6642917 
12,Ru-Cs,10,MgO,3,60000,0.1,0.9869,199.734,472.884,0.0405,1.13E-08,0.0000405 ,0.6688443 ,0.0000303 ,0.6688241 
,Ru-Cs,10,MgO,3,60000,0.1,0.9869,225.252,498.402,0.1216,3.38E-08,0.0001216 ,0.6688443 ,0.0000909 ,0.6687835 
,Ru-Cs,10,MgO,3,60000,0.1,0.9869,250.065,523.215,0.3377,9.38E-08,0.0003377 ,0.6688443 ,0.0002525 ,0.6686755 
,Ru-Cs,10,MgO,3,60000,0.1,0.9869,266.283,539.433,0.8241,2.29E-07,0.0008241 ,0.6688443 ,0.0006161 ,0.6684323 
,Ru-Cs,10,MgO,3,60000,0.1,0.9869,282.156,555.306,1.4455,4.02E-07,0.0014455 ,0.6688443 ,0.0010806 ,0.6681216 
,Ru-Cs,10,MgO,3,60000,0.1,0.9869,300.207,573.357,2.2831,6.34E-07,0.0022831 ,0.6688443 ,0.0017068 ,0.6677028 
,Ru-Cs,10,MgO,3,60000,0.1,0.9869,311.429,584.579,3.0936,8.59E-07,0.0030936 ,0.6688443 ,0.0023126 ,0.6672975 
,Ru-Cs,10,MgO,3,60000,0.1,0.9869,325.549,598.699,4.1338,1.15E-06,0.0041338 ,0.6688443 ,0.0030903 ,0.6667774 
,Ru-Cs,10,MgO,3,60000,0.1,0.9869,340.39,613.54,5.2011,1.44E-06,0.0052011 ,0.6688443 ,0.0038881 ,0.6662438 
,Ru-Cs,10,MgO,3,60000,0.1,0.9869,360.198,633.348,5.6604,1.57E-06,0.0056604 ,0.6688443 ,0.0042315 ,0.6660141 
13,Ru,2,C12A7-e-,3,36000,0.1,0.9869,229.224,502.374,0.0308,8.50E-09,0.0000308 ,0.4013066 ,0.0000384 ,0.4012912 
,Ru,2,C12A7-e-,3,36000,0.1,0.9869,250.054,523.204,0.1068,2.97E-08,0.0001068 ,0.4013066 ,0.0001331 ,0.4012532 
,Ru,2,C12A7-e-,3,36000,0.1,0.9869,267.63,540.78,0.1916,5.32E-08,0.0001916 ,0.4013066 ,0.0002387 ,0.4012108 
,Ru,2,C12A7-e-,3,36000,0.1,0.9869,280.167,553.317,0.3449,9.58E-08,0.0003449 ,0.4013066 ,0.0004297 ,0.4011342 
,Ru,2,C12A7-e-,3,36000,0.1,0.9869,290.915,564.065,0.5025,1.40E-07,0.0005025 ,0.4013066 ,0.0006261 ,0.4010554 
,Ru,2,C12A7-e-,3,36000,0.1,0.9869,299.879,573.029,0.7541,2.10E-07,0.0007541 ,0.4013066 ,0.0009396 ,0.4009296 
,Ru,2,C12A7-e-,3,36000,0.1,0.9869,311.288,584.438,1.0826,3.01E-07,0.0010826 ,0.4013066 ,0.0013488 ,0.4007653 
,Ru,2,C12A7-e-,3,36000,0.1,0.9869,320.421,593.571,1.4239,3.96E-07,0.0014239 ,0.4013066 ,0.0017741 ,0.4005947 
,Ru,2,C12A7-e-,3,36000,0.1,0.9869,329.876,603.026,1.7182,4.77E-07,0.0017182 ,0.4013066 ,0.0021408 ,0.4004475 
,Ru,2,C12A7-e-,3,36000,0.1,0.9869,339.981,613.131,2.0083,5.58E-07,0.0020083 ,0.4013066 ,0.0025022 ,0.4003025 
14,Ru,2,Ca2N-e-,3,36000,0.1,0.9869,199.446,472.596,0.1298,3.61E-08,0.0001298 ,0.4013066 ,0.0001617 ,0.4012417 
,Ru,2,Ca2N-e-,3,36000,0.1,0.9869,226.612,499.762,0.2438,6.77E-08,0.0002438 ,0.4013066 ,0.0003038 ,0.4011847 
,Ru,2,Ca2N-e-,3,36000,0.1,0.9869,249.711,522.861,0.375,1.04E-07,0.0003750 ,0.4013066 ,0.0004672 ,0.4011191 
,Ru,2,Ca2N-e-,3,36000,0.1,0.9869,263.532,536.682,0.6472,1.80E-07,0.0006472 ,0.4013066 ,0.0008064 ,0.4009830 
,Ru,2,Ca2N-e-,3,36000,0.1,0.9869,280.605,553.755,0.9575,0.000000266,0.0009575 ,0.4013066 ,0.0011930 ,0.4008279 
,Ru,2,Ca2N-e-,3,36000,0.1,0.9869,291.822,564.972,1.2767,3.55E-07,0.0012767 ,0.4013066 ,0.0015907 ,0.4006683 
,Ru,2,Ca2N-e-,3,36000,0.1,0.9869,299.946,573.096,1.6513,4.59E-07,0.0016513 ,0.4013066 ,0.0020574 ,0.4004810 
,Ru,2,Ca2N-e-,3,36000,0.1,0.9869,312.299,585.449,2.0343,5.65E-07,0.0020343 ,0.4013066 ,0.0025346 ,0.4002895 
,Ru,2,Ca2N-e-,3,36000,0.1,0.9869,320.744,593.894,2.5452,0.000000707,0.0025452 ,0.4013066 ,0.0031711 ,0.4000340 
,Ru,2,Ca2N-e-,3,36000,0.1,0.9869,340.243,613.393,3.3838,0.00000094,0.0033838 ,0.4013066 ,0.0042160 ,0.3996147 
15,Ru-Cs,2,MgO,3,36000,0.1,0.9869,200.101,473.251,0.0062,1.70E-09,0.0000062 ,0.4013066 ,0.0000077 ,0.4013035 
,Ru-Cs,2,MgO,3,36000,0.1,0.9869,224.015,497.165,0.0565,1.57E-08,0.0000565 ,0.4013066 ,0.0000704 ,0.4012784 
,Ru-Cs,2,MgO,3,36000,0.1,0.9869,250.37,523.52,0.064,1.78E-08,0.0000640 ,0.4013066 ,0.0000797 ,0.4012746 
,Ru-Cs,2,MgO,3,36000,0.1,0.9869,280.299,553.449,0.2844,0.000000079,0.0002844 ,0.4013066 ,0.0003543 ,0.4011644 
,Ru-Cs,2,MgO,3,36000,0.1,0.9869,300.462,573.612,0.6628,1.84E-07,0.0006628 ,0.4013066 ,0.0008258 ,0.4009752 
,Ru-Cs,2,MgO,3,36000,0.1,0.9869,309.887,583.037,1.0544,2.93E-07,0.0010544 ,0.4013066 ,0.0013137 ,0.4007794 
,Ru-Cs,2,MgO,3,36000,0.1,0.9869,319.959,593.109,1.5653,4.35E-07,0.0015653 ,0.4013066 ,0.0019503 ,0.4005240 
,Ru-Cs,2,MgO,3,36000,0.1,0.9869,327.266,600.416,2.0635,5.73E-07,0.0020635 ,0.4013066 ,0.0025710 ,0.4002749 
,Ru-Cs,2,MgO,3,36000,0.1,0.9869,332.944,606.094,2.6129,7.26E-07,0.0026129 ,0.4013066 ,0.0032555 ,0.4000002 
,Ru-Cs,2,MgO,3,36000,0.1,0.9869,340.087,613.237,3.1623,8.78E-07,0.0031623 ,0.4013066 ,0.0039400 ,0.3997255 
16,Ru,2,CaNH,3,36000,0.1,0.9869,250.372,523.522,0.0171,4.70E-09,0.0000171 ,0.4013066 ,0.0000213 ,0.4012981 
,Ru,2,CaNH,3,36000,0.1,0.9869,260.458,533.608,0.0295,8.20E-09,0.0000295 ,0.4013066 ,0.0000368 ,0.4012919 
,Ru,2,CaNH,3,36000,0.1,0.9869,272.66,545.81,0.0327,9.10E-09,0.0000327 ,0.4013066 ,0.0000407 ,0.4012903 
,Ru,2,CaNH,3,36000,0.1,0.9869,287.79,560.94,0.0375,1.04E-08,0.0000375 ,0.4013066 ,0.0000467 ,0.4012879 
,Ru,2,CaNH,3,36000,0.1,0.9869,299.829,572.979,0.0535,1.49E-08,0.0000535 ,0.4013066 ,0.0000667 ,0.4012799 
,Ru,2,CaNH,3,36000,0.1,0.9869,310.077,583.227,0.0958,2.66E-08,0.0000958 ,0.4013066 ,0.0001194 ,0.4012587 
,Ru,2,CaNH,3,36000,0.1,0.9869,319.675,592.825,0.138,3.83E-08,0.0001380 ,0.4013066 ,0.0001719 ,0.4012376 
,Ru,2,CaNH,3,36000,0.1,0.9869,327.808,600.958,0.1846,5.13E-08,0.0001846 ,0.4013066 ,0.0002300 ,0.4012143 
,Ru,2,CaNH,3,36000,0.1,0.9869,333.176,606.326,0.2099,5.83E-08,0.0002099 ,0.4013066 ,0.0002615 ,0.4012017 
,Ru,2,CaNH,3,36000,0.1,0.9869,339.194,612.344,0.2608,7.24E-08,0.0002608 ,0.4013066 ,0.0003249 ,0.4011762 
17,Ru,2.42,CeO2-7,3,60000,1,9.869,249.935,523.085,0.2028,5.63E-08,0.0002028 ,0.6688443 ,0.0001516 ,0.6687429 
,Ru,2.42,CeO2-7,3,60000,1,9.869,273.598,546.748,0.3234,8.98E-08,0.0003234 ,0.6688443 ,0.0002418 ,0.6686826 
,Ru,2.42,CeO2-7,3,60000,1,9.869,299.793,572.943,0.5844,1.62E-07,0.0005844 ,0.6688443 ,0.0004369 ,0.6685521 
,Ru,2.42,CeO2-7,3,60000,1,9.869,326.682,599.832,0.9623,2.67E-07,0.0009623 ,0.6688443 ,0.0007194 ,0.6683632 
,Ru,2.42,CeO2-7,3,60000,1,9.869,350.35,623.5,1.1996,3.33E-07,0.0011996 ,0.6688443 ,0.0008968 ,0.6682445 
,Ru,2.42,CeO2-7,3,60000,1,9.869,375.669,648.819,2.4877,0.000000691,0.0024877 ,0.6688443 ,0.0018597 ,0.6676005 
,Ru,2.42,CeO2-7,3,60000,1,9.869,389.292,662.442,4.2174,1.17E-06,0.0042174 ,0.6688443 ,0.0031528 ,0.6667356 
,Ru,2.42,CeO2-7,3,60000,1,9.869,400.381,673.531,5.7599,0.0000016,0.0057599 ,0.6688443 ,0.0043059 ,0.6659644 
,Ru,2.42,CeO2-7,3,60000,1,9.869,412.416,685.566,7.9562,2.21E-06,0.0079562 ,0.6688443 ,0.0059477 ,0.6648662 
,Ru,2.42,CeO2-7,3,60000,1,9.869,425.379,698.529,10.3862,2.89E-06,0.0103862 ,0.6688443 ,0.0077643 ,0.6636512 
18,Ru,2.48,CeO2-9,3,60000,1,9.869,249.942,523.092,0.3662,1.02E-07,0.0003662 ,0.6688443 ,0.0002738 ,0.6686612 
,Ru,2.48,CeO2-9,3,60000,1,9.869,277.977,551.127,0.6743,1.87E-07,0.0006743 ,0.6688443 ,0.0005041 ,0.6685072 
,Ru,2.48,CeO2-9,3,60000,1,9.869,300.27,573.42,1.0047,2.79E-07,0.0010047 ,0.6688443 ,0.0007511 ,0.6683420 
,Ru,2.48,CeO2-9,3,60000,1,9.869,326.703,599.853,1.4526,4.04E-07,0.0014526 ,0.6688443 ,0.0010859 ,0.6681180 
,Ru,2.48,CeO2-9,3,60000,1,9.869,349.919,623.069,1.8766,5.21E-07,0.0018766 ,0.6688443 ,0.0014029 ,0.6679060 
,Ru,2.48,CeO2-9,3,60000,1,9.869,375.269,648.419,3.935,1.09E-06,0.0039350 ,0.6688443 ,0.0029416 ,0.6668768 
,Ru,2.48,CeO2-9,3,60000,1,9.869,389.151,662.301,6.365,1.77E-06,0.0063650 ,0.6688443 ,0.0047582 ,0.6656618 
,Ru,2.48,CeO2-9,3,60000,1,9.869,399.799,672.949,8.351,2.32E-06,0.0083510 ,0.6688443 ,0.0062429 ,0.6646688 
,Ru,2.48,CeO2-9,3,60000,1,9.869,412.54,685.69,10.9677,3.05E-06,0.0109677 ,0.6688443 ,0.0081990 ,0.6633605 
,Ru,2.48,CeO2-9,3,60000,1,9.869,426.199,699.349,13.5611,0.000003767,0.0135611 ,0.6688443 ,0.0101377 ,0.6620638 
19,Ru,2.5,CeO2-11,3,60000,1,9.869,249.933,523.083,0.1561,4.34E-08,0.0001561 ,0.6688443 ,0.0001167 ,0.6687663 
,Ru,2.5,CeO2-11,3,60000,1,9.869,282.779,555.929,0.1615,4.49E-08,0.0001615 ,0.6688443 ,0.0001207 ,0.6687636 
,Ru,2.5,CeO2-11,3,60000,1,9.869,300.008,573.158,0.2343,6.51E-08,0.0002343 ,0.6688443 ,0.0001752 ,0.6687272 
,Ru,2.5,CeO2-11,3,60000,1,9.869,326.435,599.585,0.5421,1.51E-07,0.0005421 ,0.6688443 ,0.0004053 ,0.6685733 
,Ru,2.5,CeO2-11,3,60000,1,9.869,350.567,623.717,0.8962,2.49E-07,0.0008962 ,0.6688443 ,0.0006700 ,0.6683962 
,Ru,2.5,CeO2-11,3,60000,1,9.869,375.624,648.774,1.3905,3.86E-07,0.0013905 ,0.6688443 ,0.0010395 ,0.6681491 
,Ru,2.5,CeO2-11,3,60000,1,9.869,390.152,663.302,2.7936,0.000000776,0.0027936 ,0.6688443 ,0.0020884 ,0.6674475 
,Ru,2.5,CeO2-11,3,60000,1,9.869,400.299,673.449,3.7757,1.05E-06,0.0037757 ,0.6688443 ,0.0028226 ,0.6669565 
,Ru,2.5,CeO2-11,3,60000,1,9.869,413.291,686.441,6.9059,1.92E-06,0.0069059 ,0.6688443 ,0.0051626 ,0.6653914 
,Ru,2.5,CeO2-11,3,60000,1,9.869,425.353,698.503,9.7792,2.72E-06,0.0097792 ,0.6688443 ,0.0073105 ,0.6639547 
20,Ru,2.48,CeO2-CP,3,60000,1,9.869,249.931,523.081,0.1094,3.04E-08,0.0001094 ,0.6688443 ,0.0000818 ,0.6687896 
,Ru,2.48,CeO2-CP,3,60000,1,9.869,280.94,554.09,0.1378,3.83E-08,0.0001378 ,0.6688443 ,0.0001030 ,0.6687754 
,Ru,2.48,CeO2-CP,3,60000,1,9.869,300.006,573.156,0.1643,4.56E-08,0.0001643 ,0.6688443 ,0.0001228 ,0.6687622 
,Ru,2.48,CeO2-CP,3,60000,1,9.869,327.354,600.504,0.5423,1.51E-07,0.0005423 ,0.6688443 ,0.0004054 ,0.6685732 
,Ru,2.48,CeO2-CP,3,60000,1,9.869,349.645,622.795,0.8027,0.000000223,0.0008027 ,0.6688443 ,0.0006001 ,0.6684430 
,Ru,2.48,CeO2-CP,3,60000,1,9.869,374.936,648.086,1.4138,3.93E-07,0.0014138 ,0.6688443 ,0.0010569 ,0.6681374 
,Ru,2.48,CeO2-CP,3,60000,1,9.869,388.778,661.928,2.8867,8.02E-07,0.0028867 ,0.6688443 ,0.0021580 ,0.6674010 
,Ru,2.48,CeO2-CP,3,60000,1,9.869,400.087,673.237,4.1958,1.17E-06,0.0041958 ,0.6688443 ,0.0031366 ,0.6667464 
,Ru,2.48,CeO2-CP,3,60000,1,9.869,414.413,687.563,6.2758,1.74E-06,0.0062758 ,0.6688443 ,0.0046915 ,0.6657064 
,Ru,2.48,CeO2-CP,3,60000,1,9.869,425.506,698.656,7.9117,2.20E-06,0.0079117 ,0.6688443 ,0.0059145 ,0.6648885 
21,Ru,7.8,Y5Si3,3,36000,0.1,0.9869,429.118,702.268,3.1387,8.72E-07,0.0031387 ,0.4013066 ,0.0039106 ,0.3997373 
,Ru,7.8,Y5Si3,3,36000,0.1,0.9869,413.722,686.872,2.609,7.25E-07,0.0026090 ,0.4013066 ,0.0032506 ,0.4000021 
,Ru,7.8,Y5Si3,3,36000,0.1,0.9869,402.293,675.443,2.24,6.22E-07,0.0022400 ,0.4013066 ,0.0027909 ,0.4001866 
,Ru,7.8,Y5Si3,3,36000,0.1,0.9869,382.462,655.612,1.682,4.67E-07,0.0016820 ,0.4013066 ,0.0020957 ,0.4004656 
,Ru,7.8,Y5Si3,3,36000,0.1,0.9869,363.087,636.237,1.2227,3.40E-07,0.0012227 ,0.4013066 ,0.0015234 ,0.4006953 
,Ru,7.8,Y5Si3,3,36000,0.1,0.9869,342.681,615.831,0.9055,2.52E-07,0.0009055 ,0.4013066 ,0.0011282 ,0.4008539 
,Ru,7.8,Y5Si3,3,36000,0.1,0.9869,332.044,605.194,0.7457,2.07E-07,0.0007457 ,0.4013066 ,0.0009291 ,0.4009338 
,Ru,7.8,Y5Si3,3,36000,0.1,0.9869,321.959,595.109,0.6373,0.000000177,0.0006373 ,0.4013066 ,0.0007940 ,0.4009880 
,Ru,7.8,Y5Si3,3,36000,0.1,0.9869,309.92,583.07,0.5012,1.39E-07,0.0005012 ,0.4013066 ,0.0006245 ,0.4010560 
,Ru,7.8,Y5Si3,3,36000,0.1,0.9869,296.894,570.044,0.3923,0.000000109,0.0003923 ,0.4013066 ,0.0004888 ,0.4011105 
22,Ru,8.3,LaScSi,3,60000,0.1,0.9869,260,533.15,0.7,1.94E-07,0.0007000 ,0.6688443 ,0.0005233 ,0.6684943 
,Ru,8.3,LaScSi,3,60000,0.1,0.9869,280,553.15,1.2,3.33E-07,0.0012000 ,0.6688443 ,0.0008971 ,0.6682443 
,Ru,8.3,LaScSi,3,60000,0.1,0.9869,300,573.15,1.8,0.0000005,0.0018000 ,0.6688443 ,0.0013456 ,0.6679443 
,Ru,8.3,LaScSi,3,60000,0.1,0.9869,310,583.15,2.2,6.11E-07,0.0022000 ,0.6688443 ,0.0016446 ,0.6677443 
,Ru,8.3,LaScSi,3,60000,0.1,0.9869,320,593.15,2.6,7.22E-07,0.0026000 ,0.6688443 ,0.0019437 ,0.6675443 
,Ru,8.3,LaScSi,3,60000,0.1,0.9869,340,613.15,3.5,9.72E-07,0.0035000 ,0.6688443 ,0.0026165 ,0.6670943 
,Ru,8.3,LaScSi,3,60000,0.1,0.9869,360,633.15,4.7,1.31E-06,0.0047000 ,0.6688443 ,0.0035135 ,0.6664943 
,Ru,8.3,LaScSi,3,60000,0.1,0.9869,370,643.15,4.9,1.36E-06,0.0049000 ,0.6688443 ,0.0036630 ,0.6663943 
,Ru,8.3,LaScSi,3,60000,0.1,0.9869,380,653.15,5.2,1.44E-06,0.0052000 ,0.6688443 ,0.0038873 ,0.6662443 
,Ru,8.3,LaScSi,3,60000,0.1,0.9869,400,673.15,5.3,1.47E-06,0.0053000 ,0.6688443 ,0.0039621 ,0.6661943 
23,Ru,1.25,BaCeO3-a,3,24000,3,29.607,375,648.15,7.9929,2.22E-06,0.0079929 ,0.2675377 ,0.0149379 ,0.2635413 
,Ru,1.25,BaCeO3-a,3,24000,3,29.607,384.853,658.003,9.5071,2.64E-06,0.0095071 ,0.2675377 ,0.0177678 ,0.2627842 
,Ru,1.25,BaCeO3-a,3,24000,3,29.607,394.324,667.474,11.0221,3.06E-06,0.0110221 ,0.2675377 ,0.0205992 ,0.2620267 
,Ru,1.25,BaCeO3-a,3,24000,3,29.607,399.777,672.927,11.8317,3.29E-06,0.0118317 ,0.2675377 ,0.0221122 ,0.2616219 
,Ru,1.25,BaCeO3-a,3,24000,3,29.607,409.056,682.206,14.0957,3.92E-06,0.0140957 ,0.2675377 ,0.0263434 ,0.2604899 
,Ru,1.25,BaCeO3-a,3,24000,3,29.607,417.379,690.529,16.0406,4.46E-06,0.0160406 ,0.2675377 ,0.0299782 ,0.2595174 
,Ru,1.25,BaCeO3-a,3,24000,3,29.607,424.936,698.086,18.0584,5.02E-06,0.0180584 ,0.2675377 ,0.0337493 ,0.2585085 
,Ru,1.25,BaCeO3-a,3,24000,3,29.607,433.546,706.696,19.8958,5.53E-06,0.0198958 ,0.2675377 ,0.0371832 ,0.2575898 
,Ru,1.25,BaCeO3-a,3,24000,3,29.607,441.677,714.827,22.0194,6.12E-06,0.0220194 ,0.2675377 ,0.0411520 ,0.2565280 
,Ru,1.25,BaCeO3-a,3,24000,3,29.607,450,723.15,23.893,6.64E-06,0.0238930 ,0.2675377 ,0.0446535 ,0.2555912 
24,Ru,1.25,BaCeO3-b,3,24000,3,29.607,375,648.15,4.4278,1.23E-06,0.0044278 ,0.2675377 ,0.0082751 ,0.2653238 
,Ru,1.25,BaCeO3-b,3,24000,3,29.607,383.227,656.377,5.1965,1.44E-06,0.0051965 ,0.2675377 ,0.0097117 ,0.2649395 
,Ru,1.25,BaCeO3-b,3,24000,3,29.607,392.602,665.752,6.0699,1.69E-06,0.0060699 ,0.2675377 ,0.0113440 ,0.2645028 
,Ru,1.25,BaCeO3-b,3,24000,3,29.607,400.159,673.309,6.9112,1.92E-06,0.0069112 ,0.2675377 ,0.0129163 ,0.2640821 
,Ru,1.25,BaCeO3-b,3,24000,3,29.607,407.43,680.58,8.3234,2.31E-06,0.0083234 ,0.2675377 ,0.0155556 ,0.2633760 
,Ru,1.25,BaCeO3-b,3,24000,3,29.607,417.57,690.72,10.4075,0.000002891,0.0104075 ,0.2675377 ,0.0194505 ,0.2623340 
,Ru,1.25,BaCeO3-b,3,24000,3,29.607,425.223,698.373,11.8902,3.30E-06,0.0118902 ,0.2675377 ,0.0222215 ,0.2615926 
,Ru,1.25,BaCeO3-b,3,24000,3,29.607,432.876,706.026,13.8008,3.83E-06,0.0138008 ,0.2675377 ,0.0257923 ,0.2606373 
,Ru,1.25,BaCeO3-b,3,24000,3,29.607,441.486,714.636,15.8522,4.40E-06,0.0158522 ,0.2675377 ,0.0296261 ,0.2596116 
,Ru,1.25,BaCeO3-b,3,24000,3,29.607,449.809,722.959,17.8685,4.96E-06,0.0178685 ,0.2675377 ,0.0333944 ,0.2586035 
25,Ba-Ru,0.23,Sas-S-1,3,18000,0.1,0.9869,375.632,648.782,0.006,1.70E-09,0.0000060 ,0.2006533 ,0.0000150 ,0.2006503 
,Ba-Ru,0.23,Sas-S-1,3,18000,0.1,0.9869,363.179,636.329,0.0049,1.40E-09,0.0000049 ,0.2006533 ,0.0000122 ,0.2006509 
,Ba-Ru,0.23,Sas-S-1,3,18000,0.1,0.9869,350.122,623.272,0.004,1.10E-09,0.0000040 ,0.2006533 ,0.0000100 ,0.2006513 
,Ba-Ru,0.23,Sas-S-1,3,18000,0.1,0.9869,337.457,610.607,0.0033,9.00E-10,0.0000033 ,0.2006533 ,0.0000082 ,0.2006517 
,Ba-Ru,0.23,Sas-S-1,3,18000,0.1,0.9869,325.045,598.195,0.0026,7.00E-10,0.0000026 ,0.2006533 ,0.0000065 ,0.2006520 
,Ba-Ru,0.23,Sas-S-1,3,18000,0.1,0.9869,312.416,585.566,0.002,6.00E-10,0.0000020 ,0.2006533 ,0.0000050 ,0.2006523 
,Ba-Ru,0.23,Sas-S-1,3,18000,0.1,0.9869,299.97,573.12,0.0016,4.00E-10,0.0000016 ,0.2006533 ,0.0000040 ,0.2006525 
,Ba-Ru,0.23,Sas-S-1,3,18000,0.1,0.9869,290.34,563.49,0.0013,4.00E-10,0.0000013 ,0.2006533 ,0.0000032 ,0.2006527 
,Ba-Ru,0.23,Sas-S-1,3,18000,0.1,0.9869,281.884,555.034,0.0011,3.00E-10,0.0000011 ,0.2006533 ,0.0000027 ,0.2006528 
,Ba-Ru,0.23,Sas-S-1,3,18000,0.1,0.9869,275.338,548.488,0.0009,3.00E-10,0.0000009 ,0.2006533 ,0.0000022 ,0.2006529 
26,Ru,5,CaCN2,3,36000,0.9,8.8821,219.274,492.424,0.3565,0.000000099,0.0003565 ,0.4013066 ,0.0004442 ,0.4011284 
,Ru,5,CaCN2,3,36000,0.9,8.8821,239.395,512.545,0.7427,2.06E-07,0.0007427 ,0.4013066 ,0.0009254 ,0.4009353 
,Ru,5,CaCN2,3,36000,0.9,8.8821,260.363,533.513,1.3801,3.83E-07,0.0013801 ,0.4013066 ,0.0017195 ,0.4006166 
,Ru,5,CaCN2,3,36000,0.9,8.8821,270.318,543.468,1.7799,4.94E-07,0.0017799 ,0.4013066 ,0.0022176 ,0.4004167 
,Ru,5,CaCN2,3,36000,0.9,8.8821,280.908,554.058,2.3128,6.42E-07,0.0023128 ,0.4013066 ,0.0028816 ,0.4001502 
,Ru,5,CaCN2,3,36000,0.9,8.8821,291.074,564.224,3.0377,8.44E-07,0.0030377 ,0.4013066 ,0.0037848 ,0.3997878 
,Ru,5,CaCN2,3,36000,0.9,8.8821,300.605,573.755,3.792,1.05E-06,0.0037920 ,0.4013066 ,0.0047246 ,0.3994106 
,Ru,5,CaCN2,3,36000,0.9,8.8821,310.772,583.922,4.8123,1.34E-06,0.0048123 ,0.4013066 ,0.0059958 ,0.3989005 
,Ru,5,CaCN2,3,36000,0.9,8.8821,320.303,593.453,5.9507,0.000001653,0.0059507 ,0.4013066 ,0.0074142 ,0.3983313 
,Ru,5,CaCN2,3,36000,0.9,8.8821,340,613.15,9.0399,2.51E-06,0.0090399 ,0.4013066 ,0.0112631 ,0.3967867 
27,Ru,5,Ca2N-e-,3,36000,0.9,8.8821,220.121,493.271,0.1055,2.93E-08,0.0001055 ,0.4013066 ,0.0001314 ,0.4012539 
,Ru,5,Ca2N-e-,3,36000,0.9,8.8821,239.607,512.757,0.2996,8.32E-08,0.0002996 ,0.4013066 ,0.0003733 ,0.4011568 
,Ru,5,Ca2N-e-,3,36000,0.9,8.8821,259.728,532.878,0.5381,1.50E-07,0.0005381 ,0.4013066 ,0.0006704 ,0.4010376 
,Ru,5,Ca2N-e-,3,36000,0.9,8.8821,280.061,553.211,0.9833,2.73E-07,0.0009833 ,0.4013066 ,0.0012251 ,0.4008150 
,Ru,5,Ca2N-e-,3,36000,0.9,8.8821,290.227,563.377,1.3389,3.72E-07,0.0013389 ,0.4013066 ,0.0016682 ,0.4006372 
,Ru,5,Ca2N-e-,3,36000,0.9,8.8821,300.605,573.755,1.7241,4.79E-07,0.0017241 ,0.4013066 ,0.0021481 ,0.4004446 
,Ru,5,Ca2N-e-,3,36000,0.9,8.8821,309.077,582.227,2.2567,6.27E-07,0.0022567 ,0.4013066 ,0.0028117 ,0.4001783 
,Ru,5,Ca2N-e-,3,36000,0.9,8.8821,319.879,593.029,2.9521,0.00000082,0.0029521 ,0.4013066 ,0.0036781 ,0.3998306 
,Ru,5,Ca2N-e-,3,36000,0.9,8.8821,328.563,601.713,3.7063,1.03E-06,0.0037063 ,0.4013066 ,0.0046178 ,0.3994535 
,Ru,5,Ca2N-e-,3,36000,0.9,8.8821,340.424,613.574,4.6677,1.30E-06,0.0046677 ,0.4013066 ,0.0058156 ,0.3989728 
28,Ru-Cs,5,MgO,3,36000,0.9,8.8821,239.818,512.968,0.0337,9.40E-09,0.0000337 ,0.4013066 ,0.0000420 ,0.4012898 
,Ru-Cs,5,MgO,3,36000,0.9,8.8821,259.728,532.878,0.0949,2.64E-08,0.0000949 ,0.4013066 ,0.0001182 ,0.4012592 
,Ru-Cs,5,MgO,3,36000,0.9,8.8821,270.106,543.256,0.1846,5.13E-08,0.0001846 ,0.4013066 ,0.0002300 ,0.4012143 
,Ru-Cs,5,MgO,3,36000,0.9,8.8821,279.213,552.363,0.3038,8.44E-08,0.0003038 ,0.4013066 ,0.0003785 ,0.4011547 
,Ru-Cs,5,MgO,3,36000,0.9,8.8821,299.97,573.12,0.498,1.38E-07,0.0004980 ,0.4013066 ,0.0006205 ,0.4010576 
,Ru-Cs,5,MgO,3,36000,0.9,8.8821,310.348,583.498,0.8241,2.29E-07,0.0008241 ,0.4013066 ,0.0010268 ,0.4008946 
,Ru-Cs,5,MgO,3,36000,0.9,8.8821,320.303,593.453,1.4603,4.06E-07,0.0014603 ,0.4013066 ,0.0018194 ,0.4005765 
,Ru-Cs,5,MgO,3,36000,0.9,8.8821,326.021,599.171,2.3767,6.60E-07,0.0023767 ,0.4013066 ,0.0029612 ,0.4001183 
,Ru-Cs,5,MgO,3,36000,0.9,8.8821,332.375,605.525,3.3965,9.44E-07,0.0033965 ,0.4013066 ,0.0042318 ,0.3996084 
,Ru-Cs,5,MgO,3,36000,0.9,8.8821,340.212,613.362,4.9188,1.37E-06,0.0049188 ,0.4013066 ,0.0061285 ,0.3988472 
29,Ru,5,Sm2O3,3,24000,1,9.869,249.683,522.833,0.13,3.61E-08,0.0001300 ,0.2675377 ,0.0002430 ,0.2674727 
,Ru,5,Sm2O3,3,24000,1,9.869,274.363,547.513,0.152,4.22E-08,0.0001520 ,0.2675377 ,0.0002841 ,0.2674617 
,Ru,5,Sm2O3,3,24000,1,9.869,299.079,572.229,1.674,0.000000465,0.0016740 ,0.2675377 ,0.0031285 ,0.2667007 
,Ru,5,Sm2O3,3,24000,1,9.869,323.817,596.967,4.11,1.14E-06,0.0041100 ,0.2675377 ,0.0076812 ,0.2654827 
,Ru,5,Sm2O3,3,24000,1,9.869,337.011,610.161,6.34,1.76E-06,0.0063400 ,0.2675377 ,0.0118488 ,0.2643677 
,Ru,5,Sm2O3,3,24000,1,9.869,348.288,621.438,8.764,2.43E-06,0.0087640 ,0.2675377 ,0.0163790 ,0.2631557 
,Ru,5,Sm2O3,3,24000,1,9.869,355.707,628.857,10.728,0.00000298,0.0107280 ,0.2675377 ,0.0200495 ,0.2621737 
,Ru,5,Sm2O3,3,24000,1,9.869,361.84,634.99,12.561,3.49E-06,0.0125610 ,0.2675377 ,0.0234752 ,0.2612572 
,Ru,5,Sm2O3,3,24000,1,9.869,369.891,643.041,14.134,3.93E-06,0.0141340 ,0.2675377 ,0.0264150 ,0.2604707 
,Ru,5,Sm2O3,3,24000,1,9.869,374.719,647.869,14.986,4.16E-06,0.0149860 ,0.2675377 ,0.0280073 ,0.2600447 
30,Ru,10,Ca(NH2)2,3,36000,0.1,0.9869,259.506,532.656,0.1,2.78E-08,0.0001000 ,0.4013066 ,0.0001246 ,0.4012566 
,Ru,10,Ca(NH2)2,3,36000,0.1,0.9869,279.259,552.409,0.4197,1.17E-07,0.0004197 ,0.4013066 ,0.0005229 ,0.4010968 
,Ru,10,Ca(NH2)2,3,36000,0.1,0.9869,299.753,572.903,0.7159,1.99E-07,0.0007159 ,0.4013066 ,0.0008920 ,0.4009487 
,Ru,10,Ca(NH2)2,3,36000,0.1,0.9869,310.123,583.273,1.1743,3.26E-07,0.0011743 ,0.4013066 ,0.0014631 ,0.4007195 
,Ru,10,Ca(NH2)2,3,36000,0.1,0.9869,319.259,592.409,1.7037,4.73E-07,0.0017037 ,0.4013066 ,0.0021227 ,0.4004548 
,Ru,10,Ca(NH2)2,3,36000,0.1,0.9869,330.617,603.767,2.4012,0.000000667,0.0024012 ,0.4013066 ,0.0029917 ,0.4001060 
,Ru,10,Ca(NH2)2,3,36000,0.1,0.9869,340.741,613.891,3.0982,8.61E-07,0.0030982 ,0.4013066 ,0.0038601 ,0.3997575 
,Ru,10,Ca(NH2)2,3,36000,0.1,0.9869,349.383,622.533,3.9615,1.10E-06,0.0039615 ,0.4013066 ,0.0049358 ,0.3993259 
,Ru,10,Ca(NH2)2,3,36000,0.1,0.9869,359.506,632.656,5.1358,1.43E-06,0.0051358 ,0.4013066 ,0.0063988 ,0.3987387 
,Ru,10,Ca(NH2)2,3,36000,0.1,0.9869,378.519,651.669,5.8847,1.63E-06,0.0058847 ,0.4013066 ,0.0073319 ,0.3983643 
31,Ru,10,Ba-Ca(NH2)2,3,36000,0.9,8.8821,239.012,512.162,0.0186,5.20E-09,0.0000186 ,0.4013066 ,0.0000232 ,0.4012973 
,Ru,10,Ba-Ca(NH2)2,3,36000,0.9,8.8821,259.259,532.409,0.1476,0.000000041,0.0001476 ,0.4013066 ,0.0001839 ,0.4012328 
,Ru,10,Ba-Ca(NH2)2,3,36000,0.9,8.8821,279.753,552.903,0.2051,0.000000057,0.0002051 ,0.4013066 ,0.0002555 ,0.4012041 
,Ru,10,Ba-Ca(NH2)2,3,36000,0.9,8.8821,299.259,572.409,0.4054,1.13E-07,0.0004054 ,0.4013066 ,0.0005051 ,0.4011039 
,Ru,10,Ba-Ca(NH2)2,3,36000,0.9,8.8821,318.765,591.915,0.892,2.48E-07,0.0008920 ,0.4013066 ,0.0011114 ,0.4008606 
,Ru,10,Ba-Ca(NH2)2,3,36000,0.9,8.8821,339.259,612.409,3.3839,0.00000094,0.0033839 ,0.4013066 ,0.0042161 ,0.3996147 
,Ru,10,Ba-Ca(NH2)2,3,36000,0.9,8.8821,359.753,632.903,6.2815,1.74E-06,0.0062815 ,0.4013066 ,0.0078263 ,0.3981659 
,Ru,10,Ba-Ca(NH2)2,3,36000,0.9,8.8821,370.37,643.52,9.0551,2.52E-06,0.0090551 ,0.4013066 ,0.0112820 ,0.3967791 
,Ru,10,Ba-Ca(NH2)2,3,36000,0.9,8.8821,379.259,652.409,11.7562,3.27E-06,0.0117562 ,0.4013066 ,0.0146474 ,0.3954285 
,Ru,10,Ba-Ca(NH2)2,3,36000,0.9,8.8821,399.012,672.162,16.348,4.54E-06,0.0163480 ,0.4013066 ,0.0203685 ,0.3931326 
32,Ru,3,Ti-Ce-E,3,36000,1,9.869,330.169,603.319,1.3618,3.78E-07,0.0013618 ,0.4013066 ,0.0016967 ,0.4006257 
,Ru,3,Ti-Ce-E,3,36000,1,9.869,340.534,613.684,2.0087,0.000000558,0.0020087 ,0.4013066 ,0.0025027 ,0.4003023 
,Ru,3,Ti-Ce-E,3,36000,1,9.869,350.082,623.232,2.5968,7.21E-07,0.0025968 ,0.4013066 ,0.0032354 ,0.4000082 
,Ru,3,Ti-Ce-E,3,36000,1,9.869,360.367,633.517,3.8951,0.000001082,0.0038951 ,0.4013066 ,0.0048530 ,0.3993591 
,Ru,3,Ti-Ce-E,3,36000,1,9.869,369.837,642.987,5.1345,1.43E-06,0.0051345 ,0.4013066 ,0.0063972 ,0.3987394 
,Ru,3,Ti-Ce-E,3,36000,1,9.869,377.349,650.499,6.5227,1.81E-06,0.0065227 ,0.4013066 ,0.0081268 ,0.3980453 
,Ru,3,Ti-Ce-E,3,36000,1,9.869,385.187,658.337,7.8517,0.000002181,0.0078517 ,0.4013066 ,0.0097827 ,0.3973808 
,Ru,3,Ti-Ce-E,3,36000,1,9.869,391.23,664.38,9.0333,2.51E-06,0.0090333 ,0.4013066 ,0.0112549 ,0.3967900 
,Ru,3,Ti-Ce-E,3,36000,1,9.869,396.129,669.279,10.0082,2.78E-06,0.0100082 ,0.4013066 ,0.0124695 ,0.3963025 
,Ru,3,Ti-Ce-E,3,36000,1,9.869,400.131,673.281,10.8059,3.00E-06,0.0108059 ,0.4013066 ,0.0134634 ,0.3959037 
33,Ru,3,Ti-Ce-S,3,36000,1,9.869,330.096,603.246,3.0789,8.55E-07,0.0030789 ,0.4013066 ,0.0038361 ,0.3997672 
,Ru,3,Ti-Ce-S,3,36000,1,9.869,337.442,610.592,3.8159,0.00000106,0.0038159 ,0.4013066 ,0.0047543 ,0.3993987 
,Ru,3,Ti-Ce-S,3,36000,1,9.869,349.848,622.998,5.0837,1.41E-06,0.0050837 ,0.4013066 ,0.0063339 ,0.3987648 
,Ru,3,Ti-Ce-S,3,36000,1,9.869,356.869,630.019,6.0281,1.67E-06,0.0060281 ,0.4013066 ,0.0075106 ,0.3982926 
,Ru,3,Ti-Ce-S,3,36000,1,9.869,363.564,636.714,7.1503,1.99E-06,0.0071503 ,0.4013066 ,0.0089088 ,0.3977315 
,Ru,3,Ti-Ce-S,3,36000,1,9.869,370.095,643.245,8.1245,2.26E-06,0.0081245 ,0.4013066 ,0.0101226 ,0.3972444 
,Ru,3,Ti-Ce-S,3,36000,1,9.869,376.546,649.696,9.306,0.000002585,0.0093060 ,0.4013066 ,0.0115946 ,0.3966536 
,Ru,3,Ti-Ce-S,3,36000,1,9.869,384.957,658.107,10.9899,3.05E-06,0.0109899 ,0.4013066 ,0.0136926 ,0.3958117 
,Ru,3,Ti-Ce-S,3,36000,1,9.869,392.388,665.538,12.6447,3.51E-06,0.0126447 ,0.4013066 ,0.0157544 ,0.3949843 
,Ru,3,Ti-Ce-S,3,36000,1,9.869,400.148,673.298,14.5657,0.000004046,0.0145657 ,0.4013066 ,0.0181478 ,0.3940238 
34,Ru,5,Pr2O3,3,18000,0.9,8.8821,309.585,582.735,0.7113,1.98E-07,0.0007113 ,0.2006533 ,0.0017725 ,0.2002977 
,Ru,5,Pr2O3,3,18000,0.9,8.8821,318.111,591.261,1.5376,4.27E-07,0.0015376 ,0.2006533 ,0.0038315 ,0.1998845 
,Ru,5,Pr2O3,3,18000,0.9,8.8821,329.409,602.559,2.7974,7.77E-07,0.0027974 ,0.2006533 ,0.0069707 ,0.1992546 
,Ru,5,Pr2O3,3,18000,0.9,8.8821,337.633,610.783,3.7528,1.04E-06,0.0037528 ,0.2006533 ,0.0093515 ,0.1987769 
,Ru,5,Pr2O3,3,18000,0.9,8.8821,350.016,623.166,5.3585,1.49E-06,0.0053585 ,0.2006533 ,0.0133526 ,0.1979741 
,Ru,5,Pr2O3,3,18000,0.9,8.8821,358.02,631.17,7.1979,2.00E-06,0.0071979 ,0.2006533 ,0.0179362 ,0.1970544 
,Ru,5,Pr2O3,3,18000,0.9,8.8821,369.778,642.928,9.9243,2.76E-06,0.0099243 ,0.2006533 ,0.0247300 ,0.1956912 
,Ru,5,Pr2O3,3,18000,0.9,8.8821,374.716,647.866,11.179,3.11E-06,0.0111790 ,0.2006533 ,0.0278565 ,0.1950638 
,Ru,5,Pr2O3,3,18000,0.9,8.8821,381.227,654.377,13.125,3.65E-06,0.0131250 ,0.2006533 ,0.0327057 ,0.1940908 
,Ru,5,Pr2O3,3,18000,0.9,8.8821,389.326,662.476,15.1369,4.20E-06,0.0151369 ,0.2006533 ,0.0377190 ,0.1930849 
35,Ru,4,r-CeO2,3,18000,1,9.869,419.211,692.361,6.0906,1.69E-06,0.0060906 ,0.2006533 ,0.0151769 ,0.1976080 
,Ru,4,r-CeO2,3,18000,1,9.869,409.426,682.576,4.791,1.33E-06,0.0047910 ,0.2006533 ,0.0119385 ,0.1982578 
,Ru,4,r-CeO2,3,18000,1,9.869,397.015,670.165,3.7361,1.04E-06,0.0037361 ,0.2006533 ,0.0093098 ,0.1987853 
,Ru,4,r-CeO2,3,18000,1,9.869,387.977,661.127,2.7119,7.53E-07,0.0027119 ,0.2006533 ,0.0067577 ,0.1992974 
,Ru,4,r-CeO2,3,18000,1,9.869,376.83,649.98,1.8663,5.18E-07,0.0018663 ,0.2006533 ,0.0046506 ,0.1997202 
,Ru,4,r-CeO2,3,18000,1,9.869,367.839,640.989,1.4549,4.04E-07,0.0014549 ,0.2006533 ,0.0036254 ,0.1999259 
,Ru,4,r-CeO2,3,18000,1,9.869,358.282,631.432,1.0563,2.93E-07,0.0010563 ,0.2006533 ,0.0026322 ,0.2001252 
,Ru,4,r-CeO2,3,18000,1,9.869,351.955,625.105,0.8306,2.31E-07,0.0008306 ,0.2006533 ,0.0020697 ,0.2002380 
,Ru,4,r-CeO2,3,18000,1,9.869,346.199,619.349,0.683,1.90E-07,0.0006830 ,0.2006533 ,0.0017019 ,0.2003118 
,Ru,4,r-CeO2,3,18000,1,9.869,340.441,613.591,0.5323,1.48E-07,0.0005323 ,0.2006533 ,0.0013264 ,0.2003872 
36,Ru,4,c-CeO2,3,18000,1,9.869,419.296,692.446,2.2009,6.11E-07,0.0022009 ,0.2006533 ,0.0054843 ,0.1995529 
,Ru,4,c-CeO2,3,18000,1,9.869,412.516,685.666,1.7777,4.94E-07,0.0017777 ,0.2006533 ,0.0044298 ,0.1997645 
,Ru,4,c-CeO2,3,18000,1,9.869,404.253,677.403,1.475,4.10E-07,0.0014750 ,0.2006533 ,0.0036755 ,0.1999158 
,Ru,4,c-CeO2,3,18000,1,9.869,398.023,671.173,1.2237,3.40E-07,0.0012237 ,0.2006533 ,0.0030493 ,0.2000415 
,Ru,4,c-CeO2,3,18000,1,9.869,388.449,661.599,0.8571,2.38E-07,0.0008571 ,0.2006533 ,0.0021358 ,0.2002248 
,Ru,4,c-CeO2,3,18000,1,9.869,376.794,649.944,0.5743,1.60E-07,0.0005743 ,0.2006533 ,0.0014311 ,0.2003662 
,Ru,4,c-CeO2,3,18000,1,9.869,370.454,643.604,0.4597,1.28E-07,0.0004597 ,0.2006533 ,0.0011455 ,0.2004235 
,Ru,4,c-CeO2,3,18000,1,9.869,363.529,636.679,0.3489,9.69E-08,0.0003489 ,0.2006533 ,0.0008694 ,0.2004789 
,Ru,4,c-CeO2,3,18000,1,9.869,357.677,630.827,0.2793,7.76E-08,0.0002793 ,0.2006533 ,0.0006960 ,0.2005137 
,Ru,4,c-CeO2,3,18000,1,9.869,339.872,613.022,0.1346,3.74E-08,0.0001346 ,0.2006533 ,0.0003354 ,0.2005860 
37,Ru,5,La0.5Ce0.5O1.75,3,72000,1,9.869,300.117,573.267,10.929,3.04E-06,0.0109290 ,0.8026132 ,0.0068084 ,0.7971487 
,Ru,5,La0.5Ce0.5O1.75,3,72000,1,9.869,311.947,585.097,14.614,4.06E-06,0.0146140 ,0.8026132 ,0.0091040 ,0.7953062 
,Ru,5,La0.5Ce0.5O1.75,3,72000,1,9.869,325.285,598.435,19.714,5.48E-06,0.0197140 ,0.8026132 ,0.0122811 ,0.7927562 
,Ru,5,La0.5Ce0.5O1.75,3,72000,1,9.869,336.685,609.835,25.095,6.97E-06,0.0250950 ,0.8026132 ,0.0156333 ,0.7900657 
,Ru,5,La0.5Ce0.5O1.75,3,72000,1,9.869,350.639,623.789,31.892,8.86E-06,0.0318920 ,0.8026132 ,0.0198676 ,0.7866672 
,Ru,5,La0.5Ce0.5O1.75,3,72000,1,9.869,362.367,635.517,40.005,1.11E-05,0.0400050 ,0.8026132 ,0.0249217 ,0.7826107 
,Ru,5,La0.5Ce0.5O1.75,3,72000,1,9.869,375.764,648.914,50.664,1.41E-05,0.0506640 ,0.8026132 ,0.0315619 ,0.7772812 
,Ru,5,La0.5Ce0.5O1.75,3,72000,1,9.869,385.519,658.669,55.666,1.55E-05,0.0556660 ,0.8026132 ,0.0346780 ,0.7747802 
,Ru,5,La0.5Ce0.5O1.75,3,72000,1,9.869,393.174,666.324,59.724,0.00001659,0.0597240 ,0.8026132 ,0.0372060 ,0.7727512 
,Ru,5,La0.5Ce0.5O1.75,3,72000,1,9.869,400.688,673.838,64.536,1.79E-05,0.0645360 ,0.8026132 ,0.0402037 ,0.7703452 
38,Ru,0.4,ACCs,3,60000,1,9.869,359.678,632.828,1.3875,3.85E-07,0.0013875 ,0.6688443 ,0.0010372 ,0.6681506 
,Ru,0.4,ACCs,3,60000,1,9.869,354.875,628.025,1.2267,3.41E-07,0.0012267 ,0.6688443 ,0.0009170 ,0.6682310 
,Ru,0.4,ACCs,3,60000,1,9.869,349.262,622.412,1.0912,3.03E-07,0.0010912 ,0.6688443 ,0.0008157 ,0.6682987 
,Ru,0.4,ACCs,3,60000,1,9.869,341.595,614.745,0.9579,2.66E-07,0.0009579 ,0.6688443 ,0.0007161 ,0.6683654 
,Ru,0.4,ACCs,3,60000,1,9.869,334.674,607.824,0.8302,2.31E-07,0.0008302 ,0.6688443 ,0.0006206 ,0.6684292 
,Ru,0.4,ACCs,3,60000,1,9.869,328.456,601.606,0.7196,2.00E-07,0.0007196 ,0.6688443 ,0.0005379 ,0.6684845 
,Ru,0.4,ACCs,3,60000,1,9.869,324.923,598.073,0.6529,1.81E-07,0.0006529 ,0.6688443 ,0.0004881 ,0.6685179 
,Ru,0.4,ACCs,3,60000,1,9.869,317.179,590.329,0.5767,1.60E-07,0.0005767 ,0.6688443 ,0.0004311 ,0.6685560 
,Ru,0.4,ACCs,3,60000,1,9.869,310.023,583.173,0.4839,1.34E-07,0.0004839 ,0.6688443 ,0.0003617 ,0.6686024 
,Ru,0.4,ACCs,3,60000,1,9.869,300.04,573.19,0.3929,1.09E-07,0.0003929 ,0.6688443 ,0.0002937 ,0.6686479 
39,Ru,0.39,SAC,3,60000,1,9.869,388.91,662.06,4.0593,1.13E-06,0.0040593 ,0.6688443 ,0.0030346 ,0.6668147 
,Ru,0.39,SAC,3,60000,1,9.869,384.634,657.784,3.6829,0.000001023,0.0036829 ,0.6688443 ,0.0027532 ,0.6670029 
,Ru,0.39,SAC,3,60000,1,9.869,380.087,653.237,3.3845,9.40E-07,0.0033845 ,0.6688443 ,0.0025301 ,0.6671521 
,Ru,0.39,SAC,3,60000,1,9.869,375.123,648.273,3.1299,8.69E-07,0.0031299 ,0.6688443 ,0.0023398 ,0.6672794 
,Ru,0.39,SAC,3,60000,1,9.869,369.922,643.072,2.8945,0.000000804,0.0028945 ,0.6688443 ,0.0021638 ,0.6673971 
,Ru,0.39,SAC,3,60000,1,9.869,365.42,638.57,2.6599,7.39E-07,0.0026599 ,0.6688443 ,0.0019884 ,0.6675144 
,Ru,0.39,SAC,3,60000,1,9.869,359.92,633.07,2.397,6.66E-07,0.0023970 ,0.6688443 ,0.0017919 ,0.6676458 
,Ru,0.39,SAC,3,60000,1,9.869,356.306,629.456,2.2173,6.16E-07,0.0022173 ,0.6688443 ,0.0016576 ,0.6677357 
,Ru,0.39,SAC,3,60000,1,9.869,352.882,626.032,2.0509,5.70E-07,0.0020509 ,0.6688443 ,0.0015332 ,0.6678189 
,Ru,0.39,SAC,3,60000,1,9.869,349.641,622.791,1.8974,5.27E-07,0.0018974 ,0.6688443 ,0.0014184 ,0.6678956 
40,Ru,5,Ba-LaCeOx,3,72000,1,9.869,299.962,573.112,14.614,4.06E-06,0.0146140 ,0.8026132 ,0.0091040 ,0.7953062 
,Ru,5,Ba-LaCeOx,3,72000,1,9.869,313.706,586.856,22.929,6.37E-06,0.0229290 ,0.8026132 ,0.0142840 ,0.7911487 
,Ru,5,Ba-LaCeOx,3,72000,1,9.869,324.002,597.152,30.383,8.44E-06,0.0303830 ,0.8026132 ,0.0189275 ,0.7874217 
,Ru,5,Ba-LaCeOx,3,72000,1,9.869,332.86,606.01,37.622,1.05E-05,0.0376220 ,0.8026132 ,0.0234372 ,0.7838022 
,Ru,5,Ba-LaCeOx,3,72000,1,9.869,339.999,613.149,43.998,1.22E-05,0.0439980 ,0.8026132 ,0.0274092 ,0.7806142 
,Ru,5,Ba-LaCeOx,3,72000,1,9.869,349.42,622.57,52.535,1.46E-05,0.0525350 ,0.8026132 ,0.0327275 ,0.7763457 
,Ru,5,Ba-LaCeOx,3,72000,1,9.869,360.551,633.701,62.911,1.75E-05,0.0629110 ,0.8026132 ,0.0391914 ,0.7711577 
,Ru,5,Ba-LaCeOx,3,72000,1,9.869,374.385,647.535,76.637,2.13E-05,0.0766370 ,0.8026132 ,0.0477422 ,0.7642947 
,Ru,5,Ba-LaCeOx,3,72000,1,9.869,386.287,659.437,81.924,2.28E-05,0.0819240 ,0.8026132 ,0.0510358 ,0.7616512 
,Ru,5,Ba-LaCeOx,3,72000,1,9.869,398.755,671.905,88.293,2.45E-05,0.0882930 ,0.8026132 ,0.0550035 ,0.7584667 
41,Ru,5,LaCeOx,3,72000,1,9.869,300.07,573.22,11.045,3.07E-06,0.0110450 ,0.8026132 ,0.0068806 ,0.7970907 
,Ru,5,LaCeOx,3,72000,1,9.869,310.922,584.072,14.712,4.09E-06,0.0147120 ,0.8026132 ,0.0091651 ,0.7952572 
,Ru,5,LaCeOx,3,72000,1,9.869,325.022,598.172,20.284,5.63E-06,0.0202840 ,0.8026132 ,0.0126362 ,0.7924712 
,Ru,5,LaCeOx,3,72000,1,9.869,335.677,608.827,25.588,7.11E-06,0.0255880 ,0.8026132 ,0.0159404 ,0.7898192 
,Ru,5,LaCeOx,3,72000,1,9.869,349.213,622.363,33.069,9.19E-06,0.0330690 ,0.8026132 ,0.0206008 ,0.7860787 
,Ru,5,LaCeOx,3,72000,1,9.869,358.226,631.376,39.193,1.09E-05,0.0391930 ,0.8026132 ,0.0244159 ,0.7830167 
,Ru,5,LaCeOx,3,72000,1,9.869,364.88,638.03,45.184,1.26E-05,0.0451840 ,0.8026132 ,0.0281481 ,0.7800212 
,Ru,5,LaCeOx,3,72000,1,9.869,374.237,647.387,53.217,1.48E-05,0.0532170 ,0.8026132 ,0.0331523 ,0.7760047 
,Ru,5,LaCeOx,3,72000,1,9.869,386.702,659.852,58.927,1.64E-05,0.0589270 ,0.8026132 ,0.0367095 ,0.7731497 
,Ru,5,LaCeOx,3,72000,1,9.869,398.796,671.946,65.456,1.82E-05,0.0654560 ,0.8026132 ,0.0407768 ,0.7698852 
42,Cs-Ru,5,MgO,3,72000,1,9.869,299.622,572.772,1.501,4.17E-07,0.0015010 ,0.8026132 ,0.0009351 ,0.8018627 
,Cs-Ru,5,MgO,3,72000,1,9.869,310.863,584.013,2.576,7.16E-07,0.0025760 ,0.8026132 ,0.0016048 ,0.8013252 
,Cs-Ru,5,MgO,3,72000,1,9.869,324.822,597.972,4.193,1.16E-06,0.0041930 ,0.8026132 ,0.0026121 ,0.8005167 
,Cs-Ru,5,MgO,3,72000,1,9.869,336.411,609.561,6.769,1.88E-06,0.0067690 ,0.8026132 ,0.0042169 ,0.7992287 
,Cs-Ru,5,MgO,3,72000,1,9.869,349.254,622.404,10.978,3.05E-06,0.0109780 ,0.8026132 ,0.0068389 ,0.7971242 
,Cs-Ru,5,MgO,3,72000,1,9.869,363.171,636.321,16.687,4.64E-06,0.0166870 ,0.8026132 ,0.0103954 ,0.7942697 
,Cs-Ru,5,MgO,3,72000,1,9.869,373.814,646.964,23.081,6.41E-06,0.0230810 ,0.8026132 ,0.0143787 ,0.7910727 
,Cs-Ru,5,MgO,3,72000,1,9.869,383.53,656.68,31.522,8.76E-06,0.0315220 ,0.8026132 ,0.0196371 ,0.7868522 
,Cs-Ru,5,MgO,3,72000,1,9.869,391.796,664.946,39.693,1.10E-05,0.0396930 ,0.8026132 ,0.0247274 ,0.7827667 
,Cs-Ru,5,MgO,3,72000,1,9.869,398.791,671.941,47.865,1.33E-05,0.0478650 ,0.8026132 ,0.0298182 ,0.7786807 
43,Ru,1.8,3TiCN-ZrH2,3,60000,1,9.869,400.044,673.194,27.5747,7.66E-06,0.0275747 ,0.6688443 ,0.0206137 ,0.6550570 
,Ru,1.8,3TiCN-ZrH2,3,60000,1,9.869,392.696,665.846,24.1842,6.72E-06,0.0241842 ,0.6688443 ,0.0180791 ,0.6567522 
,Ru,1.8,3TiCN-ZrH2,3,60000,1,9.869,386.505,659.655,21.2042,5.89E-06,0.0212042 ,0.6688443 ,0.0158514 ,0.6582422 
,Ru,1.8,3TiCN-ZrH2,3,60000,1,9.869,380.427,653.577,19.2459,5.35E-06,0.0192459 ,0.6688443 ,0.0143874 ,0.6592214 
,Ru,1.8,3TiCN-ZrH2,3,60000,1,9.869,374.049,647.199,16.4941,4.58E-06,0.0164941 ,0.6688443 ,0.0123303 ,0.6605973 
,Ru,1.8,3TiCN-ZrH2,3,60000,1,9.869,367.659,640.809,14.4631,4.02E-06,0.0144631 ,0.6688443 ,0.0108120 ,0.6616128 
,Ru,1.8,3TiCN-ZrH2,3,60000,1,9.869,363.646,636.796,13.2766,3.69E-06,0.0132766 ,0.6688443 ,0.0099250 ,0.6622060 
,Ru,1.8,3TiCN-ZrH2,3,60000,1,9.869,359.946,633.096,12.2558,3.40E-06,0.0122558 ,0.6688443 ,0.0091619 ,0.6627164 
,Ru,1.8,3TiCN-ZrH2,3,60000,1,9.869,354.734,627.884,10.8699,3.02E-06,0.0108699 ,0.6688443 ,0.0081259 ,0.6634094 
,Ru,1.8,3TiCN-ZrH2,3,60000,1,9.869,349.733,622.883,9.7523,0.000002709,0.0097523 ,0.6688443 ,0.0072904 ,0.6639682 
44,Ru,1.8,3TiN-ZrH2,3,60000,1,9.869,399.769,672.919,17.5122,4.86E-06,0.0175122 ,0.6688443 ,0.0130914 ,0.6600882 
,Ru,1.8,3TiN-ZrH2,3,60000,1,9.869,391.268,664.418,14.8396,4.12E-06,0.0148396 ,0.6688443 ,0.0110935 ,0.6614245 
,Ru,1.8,3TiN-ZrH2,3,60000,1,9.869,380.312,653.462,11.2774,3.13E-06,0.0112774 ,0.6688443 ,0.0084305 ,0.6632056 
,Ru,1.8,3TiN-ZrH2,3,60000,1,9.869,371.886,645.036,8.9719,2.49E-06,0.0089719 ,0.6688443 ,0.0067070 ,0.6643584 
,Ru,1.8,3TiN-ZrH2,3,60000,1,9.869,363.939,637.089,7.3449,2.04E-06,0.0073449 ,0.6688443 ,0.0054907 ,0.6651719 
,Ru,1.8,3TiN-ZrH2,3,60000,1,9.869,356.836,629.986,6.0123,1.67E-06,0.0060123 ,0.6688443 ,0.0044945 ,0.6658382 
,Ru,1.8,3TiN-ZrH2,3,60000,1,9.869,350.397,623.547,5.242,1.46E-06,0.0052420 ,0.6688443 ,0.0039187 ,0.6662233 
,Ru,1.8,3TiN-ZrH2,3,60000,1,9.869,344.592,617.742,4.2414,1.18E-06,0.0042414 ,0.6688443 ,0.0031707 ,0.6667236 
,Ru,1.8,3TiN-ZrH2,3,60000,1,9.869,335.231,608.381,3.2233,8.95E-07,0.0032233 ,0.6688443 ,0.0024096 ,0.6672327 
,Ru,1.8,3TiN-ZrH2,3,60000,1,9.869,324.508,597.658,2.2349,6.21E-07,0.0022349 ,0.6688443 ,0.0016707 ,0.6677269 
45,Ru,1.8,ZrH2,3,60000,1,9.869,380.19,653.34,7.586,2.11E-06,0.0075860 ,0.6688443 ,0.0056710 ,0.6650513 
,Ru,1.8,ZrH2,3,60000,1,9.869,372.586,645.736,6.1743,1.72E-06,0.0061743 ,0.6688443 ,0.0046156 ,0.6657572 
,Ru,1.8,ZrH2,3,60000,1,9.869,366.093,639.243,5.1413,1.43E-06,0.0051413 ,0.6688443 ,0.0038434 ,0.6662737 
,Ru,1.8,ZrH2,3,60000,1,9.869,359.861,633.011,4.2325,1.18E-06,0.0042325 ,0.6688443 ,0.0031640 ,0.6667281 
,Ru,1.8,ZrH2,3,60000,1,9.869,354.782,627.932,3.5851,9.96E-07,0.0035851 ,0.6688443 ,0.0026801 ,0.6670518 
,Ru,1.8,ZrH2,3,60000,1,9.869,349.529,622.679,2.968,8.25E-07,0.0029680 ,0.6688443 ,0.0022188 ,0.6673603 
,Ru,1.8,ZrH2,3,60000,1,9.869,343.491,616.641,2.4015,6.67E-07,0.0024015 ,0.6688443 ,0.0017953 ,0.6676436 
,Ru,1.8,ZrH2,3,60000,1,9.869,337.445,610.595,1.9999,5.56E-07,0.0019999 ,0.6688443 ,0.0014950 ,0.6678444 
,Ru,1.8,ZrH2,3,60000,1,9.869,331.038,604.188,1.6183,4.50E-07,0.0016183 ,0.6688443 ,0.0012098 ,0.6680352 
,Ru,1.8,ZrH2,3,60000,1,9.869,324.999,598.149,1.2724,3.53E-07,0.0012724 ,0.6688443 ,0.0009512 ,0.6682081 
46,NiRu,1,SAA,3,60000,1,9.869,399.407,672.557,2.5523,0.000000709,0.0025523 ,0.6688443 ,0.0019080 ,0.6675682 
,NiRu,1,SAA,3,60000,1,9.869,388.722,661.872,2.0987,0.000000583,0.0020987 ,0.6688443 ,0.0015689 ,0.6677950 
,NiRu,1,SAA,3,60000,1,9.869,378.211,651.361,1.8063,5.02E-07,0.0018063 ,0.6688443 ,0.0013503 ,0.6679412 
,NiRu,1,SAA,3,60000,1,9.869,369.125,642.275,1.5147,4.21E-07,0.0015147 ,0.6688443 ,0.0011323 ,0.6680870 
,NiRu,1,SAA,3,60000,1,9.869,356.337,629.487,1.1443,3.18E-07,0.0011443 ,0.6688443 ,0.0008554 ,0.6682722 
,NiRu,1,SAA,3,60000,1,9.869,342.459,615.609,0.8873,2.47E-07,0.0008873 ,0.6688443 ,0.0006633 ,0.6684007 
,NiRu,1,SAA,3,60000,1,9.869,331.399,604.549,0.7062,1.96E-07,0.0007062 ,0.6688443 ,0.0005279 ,0.6684912 
,NiRu,1,SAA,3,60000,1,9.869,325.333,598.483,0.6239,1.73E-07,0.0006239 ,0.6688443 ,0.0004664 ,0.6685324 
,NiRu,1,SAA,3,60000,1,9.869,311.732,584.882,0.4775,1.33E-07,0.0004775 ,0.6688443 ,0.0003570 ,0.6686056 
,NiRu,1,SAA,3,60000,1,9.869,300.107,573.257,0.3727,1.04E-07,0.0003727 ,0.6688443 ,0.0002786 ,0.6686580 
47,FeRu,1,SAA,3,60000,1,9.869,379.873,653.023,0.3447,9.57E-08,0.0003447 ,0.6688443 ,0.0002577 ,0.6686720 
,FeRu,1,SAA,3,60000,1,9.869,375.031,648.181,0.3025,0.000000084,0.0003025 ,0.6688443 ,0.0002261 ,0.6686931 
,FeRu,1,SAA,3,60000,1,9.869,371.211,644.361,0.2761,7.67E-08,0.0002761 ,0.6688443 ,0.0002064 ,0.6687063 
,FeRu,1,SAA,3,60000,1,9.869,368.529,641.679,0.2504,6.95E-08,0.0002504 ,0.6688443 ,0.0001872 ,0.6687191 
,FeRu,1,SAA,3,60000,1,9.869,364.785,637.935,0.23,6.39E-08,0.0002300 ,0.6688443 ,0.0001719 ,0.6687293 
,FeRu,1,SAA,3,60000,1,9.869,361.083,634.233,0.2072,5.76E-08,0.0002072 ,0.6688443 ,0.0001549 ,0.6687407 
,FeRu,1,SAA,3,60000,1,9.869,357.122,630.272,0.1892,5.25E-08,0.0001892 ,0.6688443 ,0.0001414 ,0.6687497 
,FeRu,1,SAA,3,60000,1,9.869,355.457,628.607,0.1726,0.000000048,0.0001726 ,0.6688443 ,0.0001290 ,0.6687580 
,FeRu,1,SAA,3,60000,1,9.869,352.758,625.908,0.1596,4.43E-08,0.0001596 ,0.6688443 ,0.0001193 ,0.6687645 
,FeRu,1,SAA,3,60000,1,9.869,350.373,623.523,0.142,3.94E-08,0.0001420 ,0.6688443 ,0.0001062 ,0.6687733 
48,Ba-Ru-Li,4.8,AC,3,66000,5,49.345,410.583,683.733,69.7728,1.94E-05,0.0697728 ,0.7357288 ,0.0474175 ,0.7008424 
,Ba-Ru-Li,4.8,AC,3,66000,5,49.345,406.249,679.399,64.6084,1.79E-05,0.0646084 ,0.7357288 ,0.0439078 ,0.7034246 
,Ba-Ru-Li,4.8,AC,3,66000,5,49.345,401.368,674.518,60.6515,1.68E-05,0.0606515 ,0.7357288 ,0.0412187 ,0.7054030 
,Ba-Ru-Li,4.8,AC,3,66000,5,49.345,396.705,669.855,56.937,1.58E-05,0.0569370 ,0.7357288 ,0.0386943 ,0.7072603 
,Ba-Ru-Li,4.8,AC,3,66000,5,49.345,390.345,663.495,51.9689,1.44E-05,0.0519689 ,0.7357288 ,0.0353180 ,0.7097443 
,Ba-Ru-Li,4.8,AC,3,66000,5,49.345,384.823,657.973,48.4409,1.35E-05,0.0484409 ,0.7357288 ,0.0329204 ,0.7115083 
,Ba-Ru-Li,4.8,AC,3,66000,5,49.345,380.099,653.249,44.8465,1.25E-05,0.0448465 ,0.7357288 ,0.0304776 ,0.7133055 
,Ba-Ru-Li,4.8,AC,3,66000,5,49.345,376.986,650.136,42.1083,1.17E-05,0.0421083 ,0.7357288 ,0.0286167 ,0.7146746 
,Ba-Ru-Li,4.8,AC,3,66000,5,49.345,373.492,646.642,40.6478,1.13E-05,0.0406478 ,0.7357288 ,0.0276242 ,0.7154049 
,Ba-Ru-Li,4.8,AC,3,66000,5,49.345,370.583,643.733,38.7002,1.08E-05,0.0387002 ,0.7357288 ,0.0263006 ,0.7163787 
49,Ba-Ru,4.9,AC,3,66000,5,49.345,460.763,733.913,39.8947,1.11E-05,0.0398947 ,0.7357288 ,0.0271124 ,0.7157814 
,Ba-Ru,4.9,AC,3,66000,5,49.345,457.903,731.053,37.7296,1.05E-05,0.0377296 ,0.7357288 ,0.0256410 ,0.7168640 
,Ba-Ru,4.9,AC,3,66000,5,49.345,455.235,728.385,35.1894,9.77E-06,0.0351894 ,0.7357288 ,0.0239147 ,0.7181341 
,Ba-Ru,4.9,AC,3,66000,5,49.345,451.183,724.333,32.3639,0.00000899,0.0323639 ,0.7357288 ,0.0219945 ,0.7195468 
,Ba-Ru,4.9,AC,3,66000,5,49.345,447.181,720.331,29.9684,8.32E-06,0.0299684 ,0.7357288 ,0.0203665 ,0.7207446 
,Ba-Ru,4.9,AC,3,66000,5,49.345,443.393,716.543,27.5622,7.66E-06,0.0275622 ,0.7357288 ,0.0187312 ,0.7219477 
,Ba-Ru,4.9,AC,3,66000,5,49.345,440.835,713.985,26.0663,7.24E-06,0.0260663 ,0.7357288 ,0.0177146 ,0.7226956 
,Ba-Ru,4.9,AC,3,66000,5,49.345,437.446,710.596,23.9758,6.66E-06,0.0239758 ,0.7357288 ,0.0162939 ,0.7237409 
,Ba-Ru,4.9,AC,3,66000,5,49.345,433.594,706.744,21.8969,6.08E-06,0.0218969 ,0.7357288 ,0.0148811 ,0.7247803 
,Ba-Ru,4.9,AC,3,66000,5,49.345,430.11,703.26,20.0002,5.56E-06,0.0200002 ,0.7357288 ,0.0135921 ,0.7257287 
