Number,Catalyst,Doping wt%,Support(Promoter),Initial composition(H2/N2),GHSV(mL g-1 h-1),Pressure(MPa),Pressure(atm), Temperature(กษ), Temperature(K) , Reaction rate(mmol g-1 h-1) , Reaction rate(kmol kg-1 s-1) , Reaction rate(mol g-1 h-1) ,N2 in(mol g-1 h-1),N2 conversion,N2 out(mol g-1 h-1)
1,Fe,1.2,BaCeo3-xNyHz,3,36000,0.9,8.8821,258.343,531.493,0.756,2.1000.E-07,0.000756,0.4013066,0.00094192,0.4009286
,Fe,1.2,BaCeo3-xNyHz,3,36000,0.9,8.8821,279.562,552.712,1.0828,3.0100.E-07,0.0010828,0.4013066,0.00134909,0.4007652
,Fe,1.2,BaCeo3-xNyHz,3,36000,0.9,8.8821,299.799,572.949,1.5971,4.4400.E-07,0.0015971,0.4013066,0.00198988,0.40050805
,Fe,1.2,BaCeo3-xNyHz,3,36000,0.9,8.8821,320.041,593.191,2.1894,6.0800.E-07,0.0021894,0.4013066,0.00272784,0.4002119
,Fe,1.2,BaCeo3-xNyHz,3,36000,0.9,8.8821,339.962,613.112,2.9379,8.1600.E-07,0.0029379,0.4013066,0.00366042,0.39983765
,Fe,1.2,BaCeo3-xNyHz,3,36000,0.9,8.8821,360.569,633.719,4.0455,1.1200.E-06,0.0040455,0.4013066,0.00504041,0.39928385
,Fe,1.2,BaCeo3-xNyHz,3,36000,0.9,8.8821,370.875,644.025,4.6383,1.2900.E-06,0.0046383,0.4013066,0.005779,0.39898745
,Fe,1.2,BaCeo3-xNyHz,3,36000,0.9,8.8821,380.519,653.669,5.2312,1.4500.E-06,0.0052312,0.4013066,0.00651771,0.398691
,Fe,1.2,BaCeo3-xNyHz,3,36000,0.9,8.8821,389.507,662.657,5.9334,1.6500.E-06,0.0059334,0.4013066,0.0073926,0.3983399
,Fe,1.2,BaCeo3-xNyHz,3,36000,0.9,8.8821,400.487,673.637,6.7136,1.8600.E-06,0.0067136,0.4013066,0.00836468,0.3979498
2,Fe,10,LiH,3,60000,1,9.869,150.275,423.425,0.1665,4.6300.E-08,0.0001665,0.66884434,0.00012447,0.66876109
,Fe,10,LiH,3,60000,1,9.869,174.776,447.926,0.2417,6.7100.E-08,0.0002417,0.66884434,0.00018069,0.66872349
,Fe,10,LiH,3,60000,1,9.869,201.246,474.396,0.4906,1.3600.E-07,0.0004906,0.66884434,0.00036675,0.66859904
,Fe,10,LiH,3,60000,1,9.869,226.018,499.168,1.0862,3.0200.E-07,0.0010862,0.66884434,0.000812,0.66830124
,Fe,10,LiH,3,60000,1,9.869,250.305,523.455,1.7684,4.9100.E-07,0.0017684,0.66884434,0.00132198,0.66796014
,Fe,10,LiH,3,60000,1,9.869,275.347,548.497,2.841,7.8900.E-07,0.002841,0.66884434,0.00212381,0.66742384
,Fe,10,LiH,3,60000,1,9.869,301.64,574.79,4.4195,1.2300.E-06,0.0044195,0.66884434,0.00330383,0.66663459
,Fe,10,LiH,3,60000,1,9.869,324.55,597.7,6.9082,1.9200.E-06,0.0069082,0.66884434,0.00516428,0.66539024
,Fe,10,LiH,3,60000,1,9.869,338.616,611.766,8.9044,2.4700.E-06,0.0089044,0.66884434,0.00665656,0.66439214
,Fe,10,LiH,3,60000,1,9.869,351.94,625.09,10.756,2.9900.E-06,0.010756,0.66884434,0.00804074,0.66346634
3,Fe,100,KM1,3,72000,1,9.869,440.1284632,713.2784632,65.84041408,1.8289.E-05,0.0658404,0.8026132,0.04101627,0.769693
,Fe,100,KM1,3,72000,1,9.869,429.6015534,702.7515534,55.3974656,1.5400.E-05,0.0553975,0.8026132,0.03451071,0.77491445
,Fe,100,KM1,3,72000,1,9.869,413.4679534,686.6179534,42.50976633,1.1800.E-05,0.0425098,0.8026132,0.02648212,0.7813583
,Fe,100,KM1,3,72000,1,9.869,399.3051607,672.4551607,31.87537747,8.8500.E-06,0.0318754,0.8026132,0.01985726,0.7866755
,Fe,100,KM1,3,72000,1,9.869,383.5635166,656.7135166,24.74278287,6.8730.E-06,0.0247428,0.8026132,0.0154139,0.7902418
,Fe,100,KM1,3,72000,1,9.869,368.9973407,642.1473407,18.98660718,5.2700.E-06,0.0189866,0.8026132,0.01182799,0.7931199
,Fe,100,KM1,3,72000,1,9.869,359.5671723,632.7171723,16.15991584,4.4900.E-06,0.0161599,0.8026132,0.01006705,0.79453325
,Fe,100,KM1,3,72000,1,9.869,348.5870463,621.7370463,12.25867495,3.4100.E-06,0.0122587,0.8026132,0.00763674,0.79648385
,Fe,100,KM1,3,72000,1,9.869,332.3586757,605.5086757,8.778748393,2.4400.E-06,0.0087787,0.8026132,0.00546882,0.79822385
,Fe,100,KM1,3,72000,1,9.869,319.9532765,593.1032765,6.433597351,1.7900.E-06,0.0064336,0.8026132,0.00400791,0.7993964
4,Fe,80,Ce0.8Sm0.2O2,3,16000,10,98.69,249.084,522.234,0.27,7.5000.E-08,0.00027,0.17835849,0.0007569,0.17822349
,Fe,80,Ce0.8Sm0.2O2,3,16000,10,98.69,299.297,572.447,3.8808,1.0780.E-06,0.0038808,0.17835849,0.01087921,0.17641809
,Fe,80,Ce0.8Sm0.2O2,3,16000,10,98.69,325.64,598.79,9.4538,2.6300.E-06,0.0094538,0.17835849,0.02650224,0.17363159
,Fe,80,Ce0.8Sm0.2O2,3,16000,10,98.69,349.611,622.761,14.2443,3.9600.E-06,0.0142443,0.17835849,0.03993166,0.17123634
,Fe,80,Ce0.8Sm0.2O2,3,16000,10,98.69,374.747,647.897,18.007,5.0000.E-06,0.018007,0.17835849,0.0504798,0.16935499
,Fe,80,Ce0.8Sm0.2O2,3,16000,10,98.69,400.474,673.624,21.8675,6.0700.E-06,0.0218675,0.17835849,0.0613021,0.16742474
,Fe,80,Ce0.8Sm0.2O2,3,16000,10,98.69,423.256,696.406,26.0711,7.2400.E-06,0.0260711,0.17835849,0.07308623,0.16532294
,Fe,80,Ce0.8Sm0.2O2,3,16000,10,98.69,450.173,723.323,30.5674,8.4900.E-06,0.0305674,0.17835849,0.0856909,0.16307479
,Fe,80,Ce0.8Sm0.2O2,3,16000,10,98.69,475.333,748.483,35.9939,1.0000.E-05,0.0359939,0.17835849,0.10090324,0.16036154
,Fe,80,Ce0.8Sm0.2O2,3,16000,10,98.69,501.041,774.191,38.5331,1.0700.E-05,0.0385331,0.17835849,0.10802149,0.15909194
5,Fe,100,Magnetite,3,16000,15,148.035,299.072,572.222,0.1132,3.1400.E-08,0.0001132,0.17835849,0.00031734,0.17830189
,Fe,100,Magnetite,3,16000,15,148.035,327.738,600.888,2.8817,8.0000.E-07,0.0028817,0.17835849,0.00807839,0.17691764
,Fe,100,Magnetite,3,16000,15,148.035,348.216,621.366,5.0353,1.4000.E-06,0.0050353,0.17835849,0.01411567,0.17584084
,Fe,100,Magnetite,3,16000,15,148.035,375.428,648.578,10.0235,2.7800.E-06,0.0100235,0.17835849,0.02809931,0.17334674
,Fe,100,Magnetite,3,16000,15,148.035,399.658,672.808,14.5192,4.0300.E-06,0.0145192,0.17835849,0.0407023,0.17109889
,Fe,100,Magnetite,3,16000,15,148.035,426.473,699.623,17.7812,4.9400.E-06,0.0177812,0.17835849,0.0498468,0.16946789
,Fe,100,Magnetite,3,16000,15,148.035,449.928,723.078,20.1809,5.6100.E-06,0.0201809,0.17835849,0.05657398,0.16826804
,Fe,100,Magnetite,3,16000,15,148.035,474.167,747.317,25.2314,7.0100.E-06,0.0252314,0.17835849,0.07073227,0.16574279
,Fe,100,Magnetite,3,16000,15,148.035,500.304,773.454,32.9325,9.1500.E-06,0.0329325,0.17835849,0.09232109,0.16189224
,Fe,100,Magnetite,3,16000,15,148.035,525.959,799.109,33.2355,9.2300.E-06,0.0332355,0.17835849,0.0931705,0.16174074
6,Fe,100,Wustite,3,16000,15,148.035,249.261,522.411,0.3084,8.5700.E-08,0.0003084,0.17835849,0.00086455,0.17820429
,Fe,100,Wustite,3,16000,15,148.035,299.496,572.646,3.6273,1.0100.E-06,0.0036273,0.17835849,0.01016857,0.17654484
,Fe,100,Wustite,3,16000,15,148.035,349.017,622.167,8.9192,2.4800.E-06,0.0089192,0.17835849,0.02500358,0.17389889
,Fe,100,Wustite,3,16000,15,148.035,374.364,647.514,13.4763,3.7400.E-06,0.0134763,0.17835849,0.03777869,0.17162034
,Fe,100,Wustite,3,16000,15,148.035,401.198,674.348,18.033,5.0100.E-06,0.018033,0.17835849,0.05055268,0.16934199
,Fe,100,Wustite,3,16000,15,148.035,428.023,701.173,22.0349,6.1200.E-06,0.0220349,0.17835849,0.06177138,0.16734104
,Fe,100,Wustite,3,16000,15,148.035,450.755,723.905,25.791,7.1600.E-06,0.025791,0.17835849,0.07230102,0.16546299
,Fe,100,Wustite,3,16000,15,148.035,466.42,739.57,29.2404,8.1200.E-06,0.0292404,0.17835849,0.08197087,0.16373829
,Fe,100,Wustite,3,16000,15,148.035,475.001,748.151,31.3348,8.7000.E-06,0.0313348,0.17835849,0.08784219,0.16269109
,Fe,100,Wustite,3,16000,15,148.035,500.01,773.16,38.173,1.0600.E-05,0.038173,0.17835849,0.10701201,0.15927199
7,Fe,86,Ce0.8Sm0.2O2 14%,3,16000,3,29.607,351.078,624.228,0.0328,9.1100.E-09,0.0000328,0.17835849,0.00009195,0.17834209
,Fe,86,Ce0.8Sm0.2O2 14%,3,16000,3,29.607,361.75,634.9,1.5146,4.2100.E-07,0.0015146,0.17835849,0.00424594,0.17760119
,Fe,86,Ce0.8Sm0.2O2 14%,3,16000,3,29.607,371.688,644.838,2.8601,7.9400.E-07,0.0028601,0.17835849,0.00801784,0.17692844
,Fe,86,Ce0.8Sm0.2O2 14%,3,16000,3,29.607,382.728,655.878,4.393,1.2200.E-06,0.004393,0.17835849,0.01231509,0.17616199
,Fe,86,Ce0.8Sm0.2O2 14%,3,16000,3,29.607,392.666,665.816,5.7045,1.5800.E-06,0.0057045,0.17835849,0.01599167,0.17550624
,Fe,86,Ce0.8Sm0.2O2 14%,3,16000,3,29.607,400.396,673.546,6.7264,1.8700.E-06,0.0067264,0.17835849,0.01885641,0.17499529
,Fe,86,Ce0.8Sm0.2O2 14%,3,16000,3,29.607,413.667,686.817,7.8335,2.1800.E-06,0.0078335,0.17835849,0.02195999,0.17444174
,Fe,86,Ce0.8Sm0.2O2 14%,3,16000,3,29.607,426.943,700.093,8.7873,2.4400.E-06,0.0087873,0.17835849,0.02463382,0.17396484
,Fe,86,Ce0.8Sm0.2O2 14%,3,16000,3,29.607,439.48,712.63,9.7241,2.7000.E-06,0.0097241,0.17835849,0.02725999,0.17349644
,Fe,86,Ce0.8Sm0.2O2 14%,3,16000,3,29.607,449.803,722.953,10.5416,2.9300.E-06,0.0105416,0.17835849,0.02955172,0.17308769
8,Fe,80,Ce0.8Sm0.2O2 20%,3,16000,3,29.607,301.184,574.334,0.0157,4.3600.E-09,0.0000157,0.17835849,0.00004401,0.17835064
,Fe,80,Ce0.8Sm0.2O2 20%,3,16000,3,29.607,325.176,598.326,1.0206,2.8400.E-07,0.0010206,0.17835849,0.00286109,0.17784819
,Fe,80,Ce0.8Sm0.2O2 20%,3,16000,3,29.607,349.541,622.691,1.9404,5.3900.E-07,0.0019404,0.17835849,0.00543961,0.17738829
,Fe,80,Ce0.8Sm0.2O2 20%,3,16000,3,29.607,365.75,638.9,3.6265,1.0100.E-06,0.0036265,0.17835849,0.01016632,0.17654524
,Fe,80,Ce0.8Sm0.2O2 20%,3,16000,3,29.607,383.808,656.958,5.3127,1.4800.E-06,0.0053127,0.17835849,0.01489332,0.17570214
,Fe,80,Ce0.8Sm0.2O2 20%,3,16000,3,29.607,400.023,673.173,6.8286,1.9000.E-06,0.0068286,0.17835849,0.01914291,0.17494419
,Fe,80,Ce0.8Sm0.2O2 20%,3,16000,3,29.607,414.755,687.905,8.4978,2.3600.E-06,0.0084978,0.17835849,0.02382225,0.17410959
,Fe,80,Ce0.8Sm0.2O2 20%,3,16000,3,29.607,425.065,698.215,9.7241,2.7000.E-06,0.0097241,0.17835849,0.02725999,0.17349644
,Fe,80,Ce0.8Sm0.2O2 20%,3,16000,3,29.607,437.962,711.112,10.9845,3.0500.E-06,0.0109845,0.17835849,0.03079332,0.17286624
,Fe,80,Ce0.8Sm0.2O2 20%,3,16000,3,29.607,450.858,724.008,12.2789,3.4100.E-06,0.0122789,0.17835849,0.03442197,0.17221904
9,Fe,74,Ce0.8Sm0.2O2 26%,3,16000,3,29.607,301.182,574.332,0.0838,2.3300.E-08,0.0000838,0.17835849,0.00023492,0.17831659
,Fe,74,Ce0.8Sm0.2O2 26%,3,16000,3,29.607,328.134,601.284,0.9866,2.7400.E-07,0.0009866,0.17835849,0.00276578,0.17786519
,Fe,74,Ce0.8Sm0.2O2 26%,3,16000,3,29.607,350.286,623.436,1.753,4.8700.E-07,0.001753,0.17835849,0.00491426,0.17748199
,Fe,74,Ce0.8Sm0.2O2 26%,3,16000,3,29.607,373.181,646.331,2.3662,6.5700.E-07,0.0023662,0.17835849,0.00663327,0.17717539
,Fe,74,Ce0.8Sm0.2O2 26%,3,16000,3,29.607,400.133,673.283,3.3029,9.1700.E-07,0.0033029,0.17835849,0.00925916,0.17670704
,Fe,74,Ce0.8Sm0.2O2 26%,3,16000,3,29.607,410.079,683.229,4.3589,1.2100.E-06,0.0043589,0.17835849,0.01221949,0.17617904
,Fe,74,Ce0.8Sm0.2O2 26%,3,16000,3,29.607,417.069,690.219,5.3809,1.4900.E-06,0.0053809,0.17835849,0.01508451,0.17566804
,Fe,74,Ce0.8Sm0.2O2 26%,3,16000,3,29.607,427.012,700.162,6.5561,1.8200.E-06,0.0065561,0.17835849,0.018379,0.17508044
,Fe,74,Ce0.8Sm0.2O2 26%,3,16000,3,29.607,436.948,710.098,7.9357,2.2000.E-06,0.0079357,0.17835849,0.02224649,0.17439064
,Fe,74,Ce0.8Sm0.2O2 26%,3,16000,3,29.607,450.2,723.35,9.6389,2.6800.E-06,0.0096389,0.17835849,0.02702114,0.17353904
10,Fe,83,Ce0.8Sm0.2O2 17%,3,16000,3,29.607,301.183,574.333,0.0328,9.1100.E-09,0.0000328,0.17835849,0.00009195,0.17834209
,Fe,83,Ce0.8Sm0.2O2 17%,3,16000,3,29.607,332.207,605.357,0.7311,2.0300.E-07,0.0007311,0.17835849,0.00204952,0.17799294
,Fe,83,Ce0.8Sm0.2O2 17%,3,16000,3,29.607,350.675,623.825,1.1228,3.1200.E-07,0.0011228,0.17835849,0.00314759,0.17779709
,Fe,83,Ce0.8Sm0.2O2 17%,3,16000,3,29.607,369.461,642.611,3.1667,8.8000.E-07,0.0031667,0.17835849,0.00887735,0.17677514
,Fe,83,Ce0.8Sm0.2O2 17%,3,16000,3,29.607,385.304,658.454,4.7336,1.3100.E-06,0.0047336,0.17835849,0.0132699,0.17599169
,Fe,83,Ce0.8Sm0.2O2 17%,3,16000,3,29.607,400.405,673.555,6.4198,1.7800.E-06,0.0064198,0.17835849,0.0179969,0.17514859
,Fe,83,Ce0.8Sm0.2O2 17%,3,16000,3,29.607,414.401,687.551,8.0038,2.2200.E-06,0.0080038,0.17835849,0.0224374,0.17435659
,Fe,83,Ce0.8Sm0.2O2 17%,3,16000,3,29.607,429.133,702.283,9.6559,2.6800.E-06,0.0096559,0.17835849,0.0270688,0.17353054
,Fe,83,Ce0.8Sm0.2O2 17%,3,16000,3,29.607,440.552,713.702,10.8993,3.0300.E-06,0.0108993,0.17835849,0.03055448,0.17290884
,Fe,83,Ce0.8Sm0.2O2 17%,3,16000,3,29.607,450.497,723.647,11.9894,3.3300.E-06,0.0119894,0.17835849,0.0336104,0.17236379
11,Fe,86,Ce0.8Sm0.2O2 23%,3,16000,3,29.607,300.812,573.962,0.0838,2.3300.E-08,0.0000838,0.17835849,0.00023492,0.17831659
,Fe,86,Ce0.8Sm0.2O2 23%,3,16000,3,29.607,329.612,602.762,1.0036,2.7900.E-07,0.0010036,0.17835849,0.00281344,0.17785669
,Fe,86,Ce0.8Sm0.2O2 23%,3,16000,3,29.607,349.916,623.066,1.753,4.8700.E-07,0.001753,0.17835849,0.00491426,0.17748199
,Fe,86,Ce0.8Sm0.2O2 23%,3,16000,3,29.607,368.723,641.873,3.1156,8.6500.E-07,0.0031156,0.17835849,0.0087341,0.17680069
,Fe,86,Ce0.8Sm0.2O2 23%,3,16000,3,29.607,383.47,656.62,4.3078,1.2000.E-06,0.0043078,0.17835849,0.01207624,0.17620459
,Fe,86,Ce0.8Sm0.2O2 23%,3,16000,3,29.607,399.697,672.847,5.432,1.5100.E-06,0.005432,0.17835849,0.01522776,0.17564249
,Fe,86,Ce0.8Sm0.2O2 23%,3,16000,3,29.607,415.172,688.322,6.9819,1.9400.E-06,0.0069819,0.17835849,0.01957266,0.17486754
,Fe,86,Ce0.8Sm0.2O2 23%,3,16000,3,29.607,426.224,699.374,8.123,2.2600.E-06,0.008123,0.17835849,0.02277155,0.17429699
,Fe,86,Ce0.8Sm0.2O2 23%,3,16000,3,29.607,438.385,711.535,9.2812,2.5800.E-06,0.0092812,0.17835849,0.02601839,0.17371789
,Fe,86,Ce0.8Sm0.2O2 23%,3,16000,3,29.607,450.545,723.695,10.4394,2.9000.E-06,0.0104394,0.17835849,0.02926522,0.17313879
12,Fe,80,CeO2 20%,3,16000,3,29.607,300.251,573.401,0.0578,1.6100.E-08,0.0000578,0.17835849,0.00016203,0.17832959
,Fe,80,CeO2 20%,3,16000,3,29.607,321.812,594.962,1.0206,2.8400.E-07,0.0010206,0.17835849,0.00286109,0.17784819
,Fe,80,CeO2 20%,3,16000,3,29.607,348.564,621.714,2.2425,6.2300.E-07,0.0022425,0.17835849,0.0062865,0.17723724
,Fe,80,CeO2 20%,3,16000,3,29.607,376.504,649.654,3.1316,8.7000.E-07,0.0031316,0.17835849,0.00877895,0.17679269
,Fe,80,CeO2 20%,3,16000,3,29.607,399.653,672.803,3.8355,1.0700.E-06,0.0038355,0.17835849,0.01075222,0.17644074
,Fe,80,CeO2 20%,3,16000,3,29.607,410.057,683.207,5.1307,1.4300.E-06,0.0051307,0.17835849,0.01438311,0.17579314
,Fe,80,CeO2 20%,3,16000,3,29.607,422.856,696.006,6.5555,1.8200.E-06,0.0065555,0.17835849,0.01837731,0.17508074
,Fe,80,CeO2 20%,3,16000,3,29.607,434.856,708.006,7.9062,2.2000.E-06,0.0079062,0.17835849,0.02216379,0.17440539
,Fe,80,CeO2 20%,3,16000,3,29.607,441.658,714.808,8.7203,2.4200.E-06,0.0087203,0.17835849,0.02444599,0.17399834
,Fe,80,CeO2 20%,3,16000,3,29.607,450.056,723.206,9.59,2.6600.E-06,0.00959,0.17835849,0.02688406,0.17356349
13,Fe,80,Sm2O3 20%,3,16000,3,29.607,299.851,573.001,0.0393,1.0900.E-08,0.0000393,0.17835849,0.00011017,0.17833884
,Fe,80,Sm2O3 20%,3,16000,3,29.607,327.372,600.522,0.1515,4.2100.E-08,0.0001515,0.17835849,0.00042471,0.17828274
,Fe,80,Sm2O3 20%,3,16000,3,29.607,348.912,622.062,0.319,8.8600.E-08,0.000319,0.17835849,0.00089427,0.17819899
,Fe,80,Sm2O3 20%,3,16000,3,29.607,372.463,645.613,1.1524,3.2000.E-07,0.0011524,0.17835849,0.00323057,0.17778229
,Fe,80,Sm2O3 20%,3,16000,3,29.607,399.213,672.363,2.2819,6.3400.E-07,0.0022819,0.17835849,0.00639695,0.17721754
,Fe,80,Sm2O3 20%,3,16000,3,29.607,413.599,686.749,3.3553,9.3200.E-07,0.0033553,0.17835849,0.00940606,0.17668084
,Fe,80,Sm2O3 20%,3,16000,3,29.607,430.394,703.544,5.0577,1.4000.E-06,0.0050577,0.17835849,0.01417847,0.17582964
,Fe,80,Sm2O3 20%,3,16000,3,29.607,449.18,722.33,6.6492,1.8470.E-06,0.0066492,0.17835849,0.01863999,0.17503389
,Fe,80,Sm2O3 20%,3,16000,3,29.607,481.51,754.66,7.6864,2.1400.E-06,0.0076864,0.17835849,0.02154762,0.17451529
,Fe,80,Sm2O3 20%,3,16000,3,29.607,499.474,772.624,8.3346,2.3200.E-06,0.0083346,0.17835849,0.02336474,0.17419119
14,Fe,80,ZrO2 20%,3,16000,3,29.607,400.76,673.91,0.0555,1.5400.E-08,0.0000555,0.17835849,0.00015559,0.17833074
,Fe,80,ZrO2 20%,3,16000,3,29.607,414.944,688.094,0.7964,2.2100.E-07,0.0007964,0.17835849,0.00223258,0.17796029
,Fe,80,ZrO2 20%,3,16000,3,29.607,434.802,707.952,1.6857,4.6800.E-07,0.0016857,0.17835849,0.0047256,0.17751564
,Fe,80,ZrO2 20%,3,16000,3,29.607,449.392,722.542,2.4858,6.9100.E-07,0.0024858,0.17835849,0.00696855,0.17711559
,Fe,80,ZrO2 20%,3,16000,3,29.607,460.74,733.89,2.9009,8.0600.E-07,0.0029009,0.17835849,0.00813222,0.17690804
,Fe,80,ZrO2 20%,3,16000,3,29.607,477.356,750.506,3.4644,9.6200.E-07,0.0034644,0.17835849,0.0097119,0.17662629
,Fe,80,ZrO2 20%,3,16000,3,29.607,489.108,762.258,3.8352,1.0700.E-06,0.0038352,0.17835849,0.01075138,0.17644089
,Fe,80,ZrO2 20%,3,16000,3,29.607,497.214,770.364,4.1021,1.1400.E-06,0.0041021,0.17835849,0.01149959,0.17630744
,Fe,80,ZrO2 20%,3,16000,3,29.607,523.556,796.706,4.3112,1.2000.E-06,0.0043112,0.17835849,0.01208577,0.17620289
,Fe,80,ZrO2 20%,3,16000,3,29.607,545.846,818.996,4.4313,1.2300.E-06,0.0044313,0.17835849,0.01242245,0.17614284
15,Fe,80,Y2O3 20%,3,16000,3,29.607,350.912,624.062,0.0519,1.4400.E-08,0.0000519,0.17835849,0.00014549,0.17833254
,Fe,80,Y2O3 20%,3,16000,3,29.607,375.633,648.783,0.7491,2.0800.E-07,0.0007491,0.17835849,0.00209998,0.17798394
,Fe,80,Y2O3 20%,3,16000,3,29.607,400.355,673.505,1.6092,4.4700.E-07,0.0016092,0.17835849,0.00451114,0.17755389
,Fe,80,Y2O3 20%,3,16000,3,29.607,413.323,686.473,2.2612,6.2800.E-07,0.0022612,0.17835849,0.00633892,0.17722789
,Fe,80,Y2O3 20%,3,16000,3,29.607,431.56,704.71,3.2539,9.0400.E-07,0.0032539,0.17835849,0.0091218,0.17673154
,Fe,80,Y2O3 20%,3,16000,3,29.607,451.824,724.974,4.158,1.1550.E-06,0.004158,0.17835849,0.0116563,0.17627949
,Fe,80,Y2O3 20%,3,16000,3,29.607,461.55,734.7,4.8837,1.3600.E-06,0.0048837,0.17835849,0.01369069,0.17591664
,Fe,80,Y2O3 20%,3,16000,3,29.607,474.519,747.669,5.7133,1.5900.E-06,0.0057133,0.17835849,0.01601634,0.17550184
,Fe,80,Y2O3 20%,3,16000,3,29.607,486.272,759.422,6.4984,1.8100.E-06,0.0064984,0.17835849,0.01821724,0.17510929
,Fe,80,Y2O3 20%,3,16000,3,29.607,500.861,774.011,7.3281,2.0400.E-06,0.0073281,0.17835849,0.02054318,0.17469444
16,FeOOH,15,K_Al2O3,3,72000,9,88.821,325.175,598.325,0.72828,2.0200.E-07,0.0007283,0.8026132,0.00045371,0.80224905
,FeOOH,15,K_Al2O3,3,72000,9,88.821,350.351,623.501,0.8928,2.4800.E-07,0.0008928,0.8026132,0.00055618,0.8021668
,FeOOH,15,K_Al2O3,3,72000,9,88.821,374.822,647.972,1.05768,2.9400.E-07,0.0010577,0.8026132,0.00065891,0.80208435
,FeOOH,15,K_Al2O3,3,72000,9,88.821,399.761,672.911,2.16216,6.0100.E-07,0.0021622,0.8026132,0.00134698,0.8015321
,FeOOH,15,K_Al2O3,3,72000,9,88.821,415.523,688.673,4.21524,1.1700.E-06,0.0042152,0.8026132,0.00262592,0.8005056
,FeOOH,15,K_Al2O3,3,72000,9,88.821,425.638,698.788,5.33376,1.4800.E-06,0.0053338,0.8026132,0.00332277,0.7999463
,FeOOH,15,K_Al2O3,3,72000,9,88.821,439.046,712.196,7.95276,2.2100.E-06,0.0079528,0.8026132,0.00495432,0.7986368
,FeOOH,15,K_Al2O3,3,72000,9,88.821,451.042,724.192,10.19736,2.8300.E-06,0.0101974,0.8026132,0.00635262,0.7975145
,FeOOH,15,K_Al2O3,3,72000,9,88.821,477.385,750.535,16.3764,4.5490.E-06,0.0163764,0.8026132,0.01020193,0.794425
,FeOOH,15,K_Al2O3,3,72000,9,88.821,499.254,772.404,24.2514,6.7400.E-06,0.0242514,0.8026132,0.01510778,0.7904875
17,FeOOH,5,K_Al2O3,3,72000,9,88.821,325.176,598.326,0.16416,4.5600.E-08,0.0001642,0.8026132,0.00010229,0.8025311
,FeOOH,5,K_Al2O3,3,72000,9,88.821,350.351,623.501,1.08072,3.0000.E-07,0.0010807,0.8026132,0.00067324,0.80207285
,FeOOH,5,K_Al2O3,3,72000,9,88.821,375.054,648.204,2.74932,7.6400.E-07,0.0027493,0.8026132,0.00171272,0.80123855
,FeOOH,5,K_Al2O3,3,72000,9,88.821,399.756,672.906,5.16996,1.4400.E-06,0.00517,0.8026132,0.00322073,0.8000282
,FeOOH,5,K_Al2O3,3,72000,9,88.821,425.395,698.545,10.22148,2.8400.E-06,0.0102215,0.8026132,0.00636764,0.79750245
,FeOOH,5,K_Al2O3,3,72000,9,88.821,450.325,723.475,17.15364,4.7600.E-06,0.0171536,0.8026132,0.01068609,0.7940364
,FeOOH,5,K_Al2O3,3,72000,9,88.821,463.727,736.877,22.7808,6.3280.E-06,0.0227808,0.8026132,0.01419164,0.7912228
,FeOOH,5,K_Al2O3,3,72000,9,88.821,475.955,749.105,27.84492,7.7300.E-06,0.0278449,0.8026132,0.0173464,0.78869075
,FeOOH,5,K_Al2O3,3,72000,9,88.821,486.533,759.683,33.66288,9.3500.E-06,0.0336629,0.8026132,0.02097081,0.78578175
,FeOOH,5,K_Al2O3,3,72000,9,88.821,500.403,773.553,41.54544,1.1500.E-05,0.0415454,0.8026132,0.02588133,0.7818405
18,Cs-FePc(9)+CoPc(1),2,.,3,12000,1,9.869,248.609,521.759,0.4296,1.1900.E-07,0.0004296,0.13376887,0.00160576,0.13355407
,Cs-FePc(9)+CoPc(1),2,.,3,12000,1,9.869,277.031,550.181,0.7216,2.0000.E-07,0.0007216,0.13376887,0.00269719,0.13340807
,Cs-FePc(9)+CoPc(1),2,.,3,12000,1,9.869,298.859,572.009,1.0309,2.8600.E-07,0.0010309,0.13376887,0.00385329,0.13325342
,Cs-FePc(9)+CoPc(1),2,.,3,12000,1,9.869,317.777,590.927,1.9416,5.3900.E-07,0.0019416,0.13376887,0.00725729,0.13279807
,Cs-FePc(9)+CoPc(1),2,.,3,12000,1,9.869,336.287,609.437,2.7663,7.6800.E-07,0.0027663,0.13376887,0.01033985,0.13238572
,Cs-FePc(9)+CoPc(1),2,.,3,12000,1,9.869,346.561,619.711,3.4536,9.5900.E-07,0.0034536,0.13376887,0.01290883,0.13204207
,Cs-FePc(9)+CoPc(1),2,.,3,12000,1,9.869,368.769,641.919,4.5361,1.2600.E-06,0.0045361,0.13376887,0.01695499,0.13150082
,Cs-FePc(9)+CoPc(1),2,.,3,12000,1,9.869,395.89,669.04,6.3918,1.7800.E-06,0.0063918,0.13376887,0.02389121,0.13057297
,Cs-FePc(9)+CoPc(1),2,.,3,12000,1,9.869,424.295,697.445,7.1134,1.9800.E-06,0.0071134,0.13376887,0.0265884,0.13021217
,Cs-FePc(9)+CoPc(1),2,.,3,12000,1,9.869,448.987,722.137,7.921,2.2000.E-06,0.007921,0.13376887,0.02960704,0.12980837
19,Cs-FePc,10,.,3,12000,1,9.869,249.832,522.982,0.7388,2.0500.E-07,0.0007388,0.13376887,0.00276148,0.13339947
,Cs-FePc,10,.,3,12000,1,9.869,275.343,548.493,1.6667,4.6300.E-07,0.0016667,0.13376887,0.00622978,0.13293552
,Cs-FePc,10,.,3,12000,1,9.869,299.623,572.773,2.4914,6.9200.E-07,0.0024914,0.13376887,0.00931233,0.13252317
,Cs-FePc,10,.,3,12000,1,9.869,329.666,602.816,3.4364,9.5500.E-07,0.0034364,0.13376887,0.01284454,0.13205067
,Cs-FePc,10,.,3,12000,1,9.869,347.773,620.923,4.0378,1.1200.E-06,0.0040378,0.13376887,0.01509245,0.13174997
,Cs-FePc,10,.,3,12000,1,9.869,367.515,640.665,4.9656,1.3800.E-06,0.0049656,0.13376887,0.01856037,0.13128607
,Cs-FePc,10,.,3,12000,1,9.869,397.955,671.105,6.2887,1.7500.E-06,0.0062887,0.13376887,0.02350584,0.13062452
,Cs-FePc,10,.,3,12000,1,9.869,414.825,687.975,6.9072,1.9200.E-06,0.0069072,0.13376887,0.02581767,0.13031527
,Cs-FePc,10,.,3,12000,1,9.869,432.108,705.258,7.5086,2.0900.E-06,0.0075086,0.13376887,0.02806557,0.13001457
,Cs-FePc,10,.,3,12000,1,9.869,450.215,723.365,8.1271,2.2600.E-06,0.0081271,0.13376887,0.0303774,0.12970532
20,Fe_Km1,100,.,3,12000,1,9.869,248.213,521.363,0.0344,9.5600.E-09,0.0000344,0.13376887,0.00012858,0.13375167
,Fe_Km1,100,.,3,12000,1,9.869,270.459,543.609,0.2062,5.7300.E-08,0.0002062,0.13376887,0.00077073,0.13366577
,Fe_Km1,100,.,3,12000,1,9.869,300.12,573.27,0.4296,1.1900.E-07,0.0004296,0.13376887,0.00160576,0.13355407
,Fe_Km1,100,.,3,12000,1,9.869,319.48,592.63,0.6186,1.7200.E-07,0.0006186,0.13376887,0.0023122,0.13345957
,Fe_Km1,100,.,3,12000,1,9.869,348.72,621.87,1.0653,2.9600.E-07,0.0010653,0.13376887,0.00398187,0.13323622
,Fe_Km1,100,.,3,12000,1,9.869,363.543,636.693,1.3574,3.7700.E-07,0.0013574,0.13376887,0.00507368,0.13309017
,Fe_Km1,100,.,3,12000,1,9.869,384.958,658.108,1.6838,4.6800.E-07,0.0016838,0.13376887,0.00629369,0.13292697
,Fe_Km1,100,.,3,12000,1,9.869,397.721,670.871,1.9588,5.4400.E-07,0.0019588,0.13376887,0.00732158,0.13278947
,Fe_Km1,100,.,3,12000,1,9.869,423.234,696.384,2.8522,7.9200.E-07,0.0028522,0.13376887,0.01066093,0.13234277
,Fe_Km1,100,.,3,12000,1,9.869,445.864,719.014,3.6942,1.0300.E-06,0.0036942,0.13376887,0.01380815,0.13192177
